tstamp,Jon Ossoff,Gavin Newsom,Alexandria Ocasio-Cortez,Pete Buttigieg,Kamala Harris,James Talarico
2025-11-20 07:05:05.795439,0.010868097276348273,0.2768678773822564,0.13239318500278804,0.04854416783435562,0.042833089265607895,
2025-11-21 07:05:05.358950,0.010702208694711578,0.29876999272736493,0.11950799709094595,0.04780319883637838,0.0421792930909221,
2025-11-22 07:05:05.139303,0.010702208694711578,0.29876999272736493,0.11950799709094595,0.04780319883637838,0.0421792930909221,
2025-11-23 07:05:06.043116,0.010702208694711578,0.29876999272736493,0.11950799709094595,0.04780319883637838,0.0421792930909221,
2025-11-24 05:37:33.090116,0.010702208694711578,0.29876999272736493,0.11950799709094595,0.04780319883637838,0.0421792930909221,
2025-11-24 07:05:04.582046,0.010702208694711578,0.29876999272736493,0.11950799709094595,0.04780319883637838,0.0421792930909221,
2025-11-25 07:05:04.295819,0.010702208694711578,0.29876999272736493,0.11950799709094595,0.04780319883637838,0.0421792930909221,
2025-11-26 07:05:05.262212,0.010565092348040603,0.2949421613828002,0.11797686455312008,0.04719074582124803,0.04163889337168944,
2025-11-26 18:55:28.546278,0.010565092348040603,0.2949421613828002,0.11797686455312008,0.04719074582124803,0.04163889337168944,
2025-11-26 18:57:17.825840,0.010565092348040603,0.2949421613828002,0.11797686455312008,0.04719074582124803,0.04163889337168944,
2025-11-26 19:17:57.325537,0.010565092348040603,0.2949421613828002,0.11797686455312008,0.04719074582124803,0.04163889337168944,
2025-11-26 21:42:15.765414,0.010565092348040603,0.2949421613828002,0.11797686455312008,0.04719074582124803,0.04163889337168944,
2025-11-27 15:57:20.128131,0.010565092348040603,0.2949421613828002,0.11797686455312008,0.04719074582124803,0.04163889337168944,
2025-11-28 07:05:05.815992,0.010488941429741392,0.2928162815802805,0.1171265126321122,0.05405839044559025,0.0413387691642749,
2025-11-29 07:05:05.214822,0.010488941429741392,0.2928162815802805,0.1171265126321122,0.05405839044559025,0.0413387691642749,
2025-11-30 07:05:06.012470,0.010488941429741392,0.2928162815802805,0.1171265126321122,0.05405839044559025,0.0413387691642749,
2025-11-30 08:01:37.626490,0.010488941429741392,0.2928162815802805,0.1171265126321122,0.05405839044559025,0.0413387691642749,
2025-12-01 07:05:04.694032,0.010488941429741392,0.2928162815802805,0.1171265126321122,0.05405839044559025,0.0413387691642749,
2025-12-01 10:02:55.692813,0.010488941429741392,0.2928162815802805,0.1171265126321122,0.05405839044559025,0.0413387691642749,
2025-12-02 07:05:04.808036,0.010488941429741392,0.2928162815802805,0.1171265126321122,0.05405839044559025,0.0413387691642749,
2025-12-03 07:05:06.410356,0.010488941429741392,0.2928162815802805,0.1171265126321122,0.05405839044559025,0.0413387691642749,
2025-12-04 07:05:09.071631,0.010488941429741392,0.2928162815802805,0.1171265126321122,0.05405839044559025,0.0413387691642749,
2025-12-05 07:05:06.723845,0.01023522374440973,0.2857333295314383,0.11429333181257531,0.052750768528880915,0.04033882299267364,
2025-12-06 07:05:06.783343,0.01023522374440973,0.2857333295314383,0.11429333181257531,0.052750768528880915,0.04033882299267364,
2025-12-07 07:05:05.787140,0.01023522374440973,0.2857333295314383,0.11429333181257531,0.052750768528880915,0.04033882299267364,
2025-12-07 17:28:44.296555,0.01023522374440973,0.2857333295314383,0.11429333181257531,0.052750768528880915,0.04033882299267364,
2025-12-08 05:58:46.722893,0.01023522374440973,0.2857333295314383,0.11429333181257531,0.052750768528880915,0.04033882299267364,
2025-12-08 06:01:05.385083,0.01023522374440973,0.2857333295314383,0.11429333181257531,0.052750768528880915,0.04033882299267364,
2025-12-08 06:04:53.442087,0.01023522374440973,0.2857333295314383,0.11429333181257531,0.052750768528880915,0.04033882299267364,
2025-12-08 06:05:47.213930,0.01023522374440973,0.2857333295314383,0.11429333181257531,0.052750768528880915,0.04033882299267364,
2025-12-08 07:05:05.155611,0.01023522374440973,0.2857333295314383,0.11429333181257531,0.052750768528880915,0.04033882299267364,
2025-12-09 07:05:06.959219,0.01023522374440973,0.2857333295314383,0.11429333181257531,0.052750768528880915,0.04033882299267364,
2025-12-10 07:05:05.725229,0.010353558008500357,0.2774753546278096,0.11561473109492065,0.05336064512073261,0.040805199209972,
2025-12-11 07:05:07.832870,0.010427748862696418,0.279463669520264,0.11644319563344334,0.05374301336928155,0.04109759845886236,
2025-12-12 07:05:06.923455,0.010336717236758044,0.2770240219451156,0.11542667581046483,0.0532738503740607,0.04073882675663464,
2025-12-12 18:00:14.020305,0.010336717236758044,0.2770240219451156,0.11542667581046483,0.0532738503740607,0.04073882675663464,
2025-12-13 07:05:04.753979,0.010480225082160911,0.266986722625392,0.11702918008413016,0.054013467731137,0.04130441650028124,
2025-12-14 07:05:07.342950,0.010433263686207127,0.2657903676714364,0.11650477782931293,0.053771435921221356,0.04111933335152221,
2025-12-15 07:05:04.487269,0.026308637161167457,0.260085386384165,0.11400409436505897,0.052617274322334914,0.04560163774602359,
2025-12-16 07:05:05.750210,0.025706250063851462,0.2673450006640552,0.11139375027668966,0.051412500127702924,0.044557500110675864,
2025-12-17 07:05:10.070669,0.026050501498934772,0.2575334748944122,0.11288550649538401,0.052101002997869544,0.04515420259815361,
2025-12-18 07:05:07.333421,0.026050501498934772,0.2575334748944122,0.11288550649538401,0.052101002997869544,0.04515420259815361,
2025-12-19 07:05:07.074360,0.026050501498934772,0.2575334748944122,0.11288550649538401,0.052101002997869544,0.04515420259815361,
2025-12-20 07:05:08.714341,0.026050501498934772,0.2575334748944122,0.11288550649538401,0.052101002997869544,0.04515420259815361,
2025-12-21 07:05:08.415902,0.026050501498934772,0.2575334748944122,0.11288550649538401,0.052101002997869544,0.04515420259815361,
2025-12-22 07:05:06.495482,0.025706250063851462,0.2673450006640552,0.11139375027668966,0.051412500127702924,0.044557500110675864,
2025-12-23 07:05:06.261575,0.025706250063851462,0.2673450006640552,0.11139375027668966,0.051412500127702924,0.044557500110675864,
2025-12-24 07:05:07.401447,0.025706250063851462,0.2673450006640552,0.11139375027668966,0.051412500127702924,0.044557500110675864,
2025-12-25 07:05:06.261715,0.025706250063851462,0.2673450006640552,0.11139375027668966,0.051412500127702924,0.044557500110675864,
2025-12-26 07:05:05.600308,0.025706250063851462,0.2673450006640552,0.11139375027668966,0.051412500127702924,0.044557500110675864,
2025-12-27 07:05:06.268739,0.025706250063851462,0.2673450006640552,0.11139375027668966,0.051412500127702924,0.044557500110675864,
2025-12-28 07:05:05.149170,0.025706250063851462,0.2673450006640552,0.11139375027668966,0.051412500127702924,0.044557500110675864,
2025-12-29 07:05:07.927639,0.025706250063851462,0.2673450006640552,0.11139375027668966,0.051412500127702924,0.044557500110675864,
2025-12-30 07:05:07.406050,0.025706250063851462,0.2673450006640552,0.11139375027668966,0.051412500127702924,0.044557500110675864,
2025-12-31 07:05:06.419063,0.025706250063851462,0.2673450006640552,0.11139375027668966,0.051412500127702924,0.044557500110675864,
2026-01-01 07:05:04.145694,0.025706250063851462,0.2673450006640552,0.11139375027668966,0.051412500127702924,0.044557500110675864,
2026-01-02 07:05:05.724347,0.025706250063851462,0.2673450006640552,0.11139375027668966,0.051412500127702924,0.044557500110675864,
2026-01-03 07:05:07.406698,0.025706250063851462,0.2673450006640552,0.11139375027668966,0.051412500127702924,0.044557500110675864,
2026-01-04 07:05:05.132791,0.025706250063851462,0.2673450006640552,0.11139375027668966,0.051412500127702924,0.044557500110675864,
2026-01-05 07:05:06.687319,0.025706250063851462,0.2673450006640552,0.11139375027668966,0.051412500127702924,0.044557500110675864,
2026-01-06 07:05:06.032344,0.025515175703476407,0.26535782731615465,0.11056576138173108,0.05103035140695281,0.044226304552692434,
2026-01-07 07:05:06.624374,0.025734045265647817,0.26763407076273726,0.10293618106259127,0.051468090531295634,0.04460567846045621,
2026-01-08 07:05:07.079316,0.025734045265647817,0.26763407076273726,0.10293618106259127,0.051468090531295634,0.04460567846045621,
2026-01-09 07:05:04.474465,0.025734045265647817,0.26763407076273726,0.10293618106259127,0.051468090531295634,0.04460567846045621,
2026-01-10 07:05:06.673519,0.025450238971570897,0.27571092219201804,0.10180095588628359,0.05090047794314179,0.044113747550722886,
2026-01-11 07:05:05.645892,0.025636655833684952,0.27773043819825366,0.09522186452511552,0.051273311667369904,0.04443687011172058,
2026-01-11 19:04:39.907680,0.025636655833684952,0.27773043819825366,0.09522186452511552,0.051273311667369904,0.04443687011172058,
2026-01-12 07:05:08.863370,0.025636655833684952,0.27773043819825366,0.09522186452511552,0.051273311667369904,0.04443687011172058,
2026-01-13 07:05:05.387442,0.025636655833684952,0.27773043819825366,0.09522186452511552,0.051273311667369904,0.04443687011172058,
2026-01-14 07:05:05.146809,0.025636655833684952,0.27773043819825366,0.09522186452511552,0.051273311667369904,0.04443687011172058,
2026-01-15 07:05:04.758814,0.025636655833684952,0.27773043819825366,0.09522186452511552,0.051273311667369904,0.04443687011172058,
2026-01-16 07:05:05.362725,0.025746665567688926,0.27892221031663,0.09563047210855885,0.05149333113537785,0.044627553650660796,
2026-01-17 07:05:06.497745,0.026037159248001675,0.2707864561792174,0.09670944863543478,0.05207431849600335,0.04513107602986957,
2026-01-18 07:05:06.302728,0.026037159248001675,0.2707864561792174,0.09670944863543478,0.05207431849600335,0.04513107602986957,
2026-01-19 07:05:07.060394,0.026037159248001675,0.2707864561792174,0.09670944863543478,0.05207431849600335,0.04513107602986957,
2026-01-20 07:05:06.605536,0.025899644094264637,0.26935629858035226,0.0961986780644115,0.051799288188529274,0.0448927164300587,
2026-01-21 07:05:05.807234,0.025924658504347053,0.2808504671304264,0.09629158873043189,0.03964947771253078,0.04493607474086822,
2026-01-22 07:05:06.692097,0.025924658504347053,0.2808504671304264,0.09629158873043189,0.03964947771253078,0.04493607474086822,
2026-01-22 09:26:56.183163,0.025924658504347053,0.2808504671304264,0.09629158873043189,0.03964947771253078,0.04493607474086822,
2026-01-23 07:05:04.855124,0.025924658504347053,0.2808504671304264,0.09629158873043189,0.03964947771253078,0.04493607474086822,
2026-01-24 07:05:08.387478,0.025924658504347053,0.2808504671304264,0.09629158873043189,0.03964947771253078,0.04493607474086822,
2026-01-25 07:05:05.166170,0.026219205549400562,0.27267973771376586,0.09738562061205923,0.04009996142849498,0.045446622952294305,
2026-01-26 07:05:05.790554,0.02639054284226611,0.27446164555956754,0.09148721518652252,0.0403620066999364,0.04574360759326126,
2026-01-26 20:58:16.072281,0.02639054284226611,0.27446164555956754,0.09148721518652252,0.0403620066999364,0.04574360759326126,
2026-01-27 07:05:05.175991,0.02639054284226611,0.27446164555956754,0.09148721518652252,0.0403620066999364,0.04574360759326126,
2026-01-28 07:05:08.987129,0.026084593253036185,0.2712797698315763,0.09042658994385877,0.03989408379876122,0.045213294971929385,
2026-01-29 07:05:05.814706,0.026084593253036185,0.2712797698315763,0.09042658994385877,0.03989408379876122,0.045213294971929385,
2026-01-29 07:21:09.762591,0.026084593253036185,0.2712797698315763,0.09042658994385877,0.03989408379876122,0.045213294971929385,
2026-01-30 07:05:09.822447,0.026084593253036185,0.2712797698315763,0.09042658994385877,0.03989408379876122,0.045213294971929385,
2026-01-31 07:05:05.333264,0.026084593253036185,0.2712797698315763,0.09042658994385877,0.03989408379876122,0.045213294971929385,
2026-02-01 07:05:06.455686,0.02636507606743484,0.27419679110132233,0.08064611502980068,0.04032305751490034,0.045699465183553716,
2026-02-02 07:05:06.674266,0.026646086506492084,0.2664608650649208,0.0815056763727993,0.04075283818639965,0.04618654994458628,
2026-02-02 16:25:16.138056,0.026646086506492084,0.2664608650649208,0.0815056763727993,0.04075283818639965,0.04618654994458628,
2026-02-03 07:05:05.445652,0.026067261094727564,0.2823953285262153,0.07973515158387254,0.03986757579193627,0.04518325256419444,
2026-02-04 07:05:05.986986,0.026232852465093607,0.2728216656369735,0.08525677051155421,0.040120833181907865,0.04547027760616225,
2026-02-05 07:05:05.872556,0.026232852465093607,0.2728216656369735,0.08525677051155421,0.040120833181907865,0.04547027760616225,
2026-02-05 15:47:14.667049,0.02636507606743484,0.27419679110132233,0.08064611502980068,0.04032305751490034,0.045699465183553716,
2026-02-06 07:05:05.790099,0.02636507606743484,0.27419679110132233,0.08064611502980068,0.04032305751490034,0.045699465183553716,
2026-02-07 07:05:05.487847,0.02636507606743484,0.27419679110132233,0.08064611502980068,0.04032305751490034,0.045699465183553716,
2026-02-08 07:05:07.883127,0.02636507606743484,0.27419679110132233,0.08064611502980068,0.04032305751490034,0.045699465183553716,
2026-02-09 06:01:46.793995,0.02636507606743484,0.27419679110132233,0.08064611502980068,0.04032305751490034,0.045699465183553716,
2026-02-09 07:05:07.457660,0.02636507606743484,0.27419679110132233,0.08064611502980068,0.04032305751490034,0.045699465183553716,
2026-02-10 07:05:05.594566,0.026249730045866688,0.27299719247701354,0.08029329190500398,0.04014664595250199,0.045499532079502254,
2026-02-11 07:05:05.057553,0.026249730045866688,0.27299719247701354,0.08029329190500398,0.04014664595250199,0.045499532079502254,
2026-02-12 07:30:48.479725,0.026249730045866688,0.27299719247701354,0.08029329190500398,0.04014664595250199,0.045499532079502254,
2026-02-12 07:31:10.710633,0.026249730045866688,0.27299719247701354,0.08029329190500398,0.04014664595250199,0.045499532079502254,
2026-02-13 06:14:11.770924,0.026249730045866688,0.27299719247701354,0.08029329190500398,0.04014664595250199,0.045499532079502254,
2026-02-13 07:05:08.087403,0.026249730045866688,0.27299719247701354,0.08029329190500398,0.04014664595250199,0.045499532079502254,
2026-02-13 10:56:27.101662,0.026249730045866688,0.27299719247701354,0.08029329190500398,0.04014664595250199,0.045499532079502254,
2026-02-13 17:44:22.714666,0.026249730045866688,0.27299719247701354,0.08029329190500398,0.04014664595250199,0.045499532079502254,
2026-02-14 07:05:05.762242,0.02610996636911302,0.2715436502387754,0.07986577948199276,0.0452572750397959,0.0452572750397959,
2026-02-15 07:05:06.817459,0.02597637320245847,0.27015428130556807,0.0794571415604612,0.045025713550928013,0.045025713550928013,
2026-02-15 20:36:38.432802,0.026506812376327227,0.255250785846114,0.08107966138641269,0.045945141452300525,0.045945141452300525,
2026-02-15 20:38:37.964934,0.026506812376327227,0.255250785846114,0.08107966138641269,0.045945141452300525,0.045945141452300525,
2026-02-15 20:42:01.076381,0.026506812376327227,0.255250785846114,0.08107966138641269,0.045945141452300525,0.045945141452300525,
2026-02-16 07:05:04.997746,0.026506812376327227,0.255250785846114,0.08107966138641269,0.045945141452300525,0.045945141452300525,
2026-02-17 07:05:05.342196,0.026205805021679116,0.25235219650505814,0.08015893300748905,0.04542339537091046,0.05677924421363808,
2026-02-18 07:05:05.717590,0.026205805021679116,0.25235219650505814,0.08015893300748905,0.04542339537091046,0.05677924421363808,
2026-02-19 06:17:36.991454,0.026205805021679116,0.25235219650505814,0.08015893300748905,0.04542339537091046,0.05677924421363808,
2026-02-19 07:05:07.191740,0.026205805021679116,0.25235219650505814,0.08015893300748905,0.04542339537091046,0.05677924421363808,
2026-02-20 06:13:21.903867,0.026205805021679116,0.25235219650505814,0.08015893300748905,0.04542339537091046,0.05677924421363808,
2026-02-20 07:05:04.753615,0.026205805021679116,0.25235219650505814,0.08015893300748905,0.04542339537091046,0.05677924421363808,
2026-02-20 13:18:17.805540,0.026205805021679116,0.25235219650505814,0.08015893300748905,0.04542339537091046,0.05677924421363808,
2026-02-21 07:05:07.662803,0.026205805021679116,0.25235219650505814,0.08015893300748905,0.04542339537091046,0.05677924421363808,
2026-02-22 10:41:26.976062,0.026205805021679116,0.25235219650505814,0.08015893300748905,0.04542339537091046,0.05677924421363808,
2026-02-23 07:05:06.262382,0.026205805021679116,0.25235219650505814,0.08015893300748905,0.04542339537091046,0.05677924421363808,
2026-02-24 07:05:05.474643,0.026205805021679116,0.25235219650505814,0.08015893300748905,0.04542339537091046,0.05677924421363808,
2026-02-24 20:29:05.639374,0.026205805021679116,0.25235219650505814,0.08015893300748905,0.04542339537091046,0.05677924421363808,
2026-02-25 07:05:06.283066,0.026205805021679116,0.25235219650505814,0.08015893300748905,0.04542339537091046,0.05677924421363808,
2026-02-26 07:05:06.866917,0.026205805021679116,0.25235219650505814,0.08015893300748905,0.04542339537091046,0.05677924421363808,
2026-02-27 07:05:06.580274,0.06367786448298088,0.2432140657336075,0.0875570636640987,0.04669710062085264,0.04669710062085264,
2026-02-28 07:05:05.119778,0.06367786448298088,0.2432140657336075,0.0875570636640987,0.04669710062085264,0.04669710062085264,
2026-03-01 07:05:05.782396,0.06367786448298088,0.2432140657336075,0.0875570636640987,0.04669710062085264,0.04669710062085264,
2026-03-02 07:05:07.215937,0.06367786448298088,0.2432140657336075,0.0875570636640987,0.04669710062085264,0.04669710062085264,
2026-03-03 07:05:05.026197,0.06283945861951928,0.24001182111621944,0.08640425560183901,0.04608226965431413,0.04608226965431413,
2026-03-04 07:05:05.409069,0.06307903210581323,0.24092685873748104,0.08673366914549319,0.04625795687759636,0.04625795687759636,
2026-03-05 07:05:06.194809,0.06214167977644361,0.23734669359058322,0.08544480969260997,0.04557056516939198,0.04557056516939198,0.014859966903062603
2026-03-06 07:05:05.594812,0.06214167977644361,0.23734669359058322,0.08544480969260997,0.04557056516939198,0.04557056516939198,0.014859966903062603
2026-03-07 07:05:05.593632,0.06214167977644361,0.23734669359058322,0.08544480969260997,0.04557056516939198,0.04557056516939198,0.014859966903062603
2026-03-08 07:05:10.007056,0.06214167977644361,0.23734669359058322,0.08544480969260997,0.04557056516939198,0.04557056516939198,0.014859966903062603
2026-03-08 17:32:48.874377,0.06214167977644361,0.23734669359058322,0.08544480969260997,0.04557056516939198,0.04557056516939198,0.014859966903062603
2026-03-08 17:37:30.749827,0.06214167977644361,0.23734669359058322,0.08544480969260997,0.04557056516939198,0.04557056516939198,0.014859966903062603
2026-03-08 21:03:11.625692,0.06214167977644361,0.23734669359058322,0.08544480969260997,0.04557056516939198,0.04557056516939198,0.014859966903062603
2026-03-09 07:05:11.058056,0.06214167977644361,0.23734669359058322,0.08544480969260997,0.04557056516939198,0.04557056516939198,0.014859966903062603
2026-03-10 07:05:06.062010,0.06178970579957647,0.236002348540049,0.09062490183937881,0.045312450919689405,0.045312450919689405,0.014775799212942198
2026-03-11 07:05:06.140308,0.06155980807030631,0.2351242669351977,0.09028771850311591,0.045143859251557956,0.045143859251557956,0.014720823668986291
2026-03-12 07:05:06.133146,0.06155980807030631,0.2351242669351977,0.09028771850311591,0.045143859251557956,0.045143859251557956,0.014720823668986291
2026-03-13 07:05:05.553817,0.06214427313692794,0.22786233483540244,0.09114493393416098,0.04557246696708049,0.04557246696708049,0.014860587054482769
2026-03-13 20:27:16.815460,0.06260444068614762,0.22214478953149155,0.09181984633968318,0.04590992316984159,0.04590992316984159,0.014970627120600518
2026-03-14 07:05:05.346251,0.06155980807030631,0.2351242669351977,0.09028771850311591,0.045143859251557956,0.045143859251557956,0.014720823668986291
2026-03-15 07:05:08.399754,0.06155980807030631,0.2351242669351977,0.09028771850311591,0.045143859251557956,0.045143859251557956,0.014720823668986291
2026-03-16 07:05:06.969380,0.06155980807030631,0.2351242669351977,0.09028771850311591,0.045143859251557956,0.045143859251557956,0.014720823668986291
2026-03-17 07:05:05.781764,0.06155980807030631,0.2351242669351977,0.09028771850311591,0.045143859251557956,0.045143859251557956,0.014720823668986291
2026-03-18 07:05:05.288355,0.06114901897714041,0.2402282888387659,0.08968522783313926,0.04484261391656963,0.04484261391656963,0.014622591494533575
2026-03-19 06:45:14.126489,0.06114901897714041,0.2402282888387659,0.08968522783313926,0.04484261391656963,0.04484261391656963,0.014622591494533575
2026-03-19 07:05:06.175753,0.06114901897714041,0.2402282888387659,0.08968522783313926,0.04484261391656963,0.04484261391656963,0.014622591494533575
2026-03-20 07:05:09.365823,0.0598513142238424,0.25321709863933317,0.08778192752830218,0.04389096376415109,0.04702603260444759,0.014312270792657964
2026-03-21 07:05:04.988728,0.0598513142238424,0.25321709863933317,0.08778192752830218,0.04389096376415109,0.04702603260444759,0.014312270792657964
2026-03-22 07:05:05.719669,0.0598513142238424,0.25321709863933317,0.08778192752830218,0.04389096376415109,0.04702603260444759,0.014312270792657964
2026-03-23 07:05:05.737365,0.0598513142238424,0.25321709863933317,0.08778192752830218,0.04389096376415109,0.04702603260444759,0.014312270792657964
2026-03-24 07:05:06.223359,0.0598513142238424,0.25321709863933317,0.08778192752830218,0.04389096376415109,0.04702603260444759,0.014312270792657964
2026-03-25 07:05:06.954873,0.0598513142238424,0.25321709863933317,0.08778192752830218,0.04389096376415109,0.04702603260444759,0.014312270792657964
2026-03-26 07:05:04.970562,0.0598513142238424,0.25321709863933317,0.08778192752830218,0.04389096376415109,0.04702603260444759,0.014312270792657964
2026-03-27 07:05:05.434740,0.0598513142238424,0.25321709863933317,0.08778192752830218,0.04389096376415109,0.04702603260444759,0.014312270792657964
2026-03-28 07:05:04.729674,0.0598513142238424,0.25321709863933317,0.08778192752830218,0.04389096376415109,0.04702603260444759,0.014312270792657964
2026-03-29 07:05:10.826656,0.0598513142238424,0.25321709863933317,0.08778192752830218,0.04389096376415109,0.04702603260444759,0.014312270792657964
2026-03-30 05:56:20.611700,0.0598513142238424,0.25321709863933317,0.08778192752830218,0.04389096376415109,0.04702603260444759,0.014312270792657964
2026-03-30 07:05:05.161569,0.0598513142238424,0.25321709863933317,0.08778192752830218,0.04389096376415109,0.04702603260444759,0.014312270792657964
2026-03-31 07:05:04.954036,0.0598513142238424,0.25321709863933317,0.08778192752830218,0.04389096376415109,0.04702603260444759,0.014312270792657964
2026-04-01 07:05:08.412755,0.0598513142238424,0.25321709863933317,0.08778192752830218,0.04389096376415109,0.04702603260444759,0.014312270792657964
2026-04-02 07:05:04.654244,0.0598513142238424,0.25321709863933317,0.08778192752830218,0.04389096376415109,0.04702603260444759,0.014312270792657964
2026-04-03 07:05:04.299047,0.0598513142238424,0.25321709863933317,0.08778192752830218,0.04389096376415109,0.04702603260444759,0.014312270792657964
2026-04-04 07:05:05.325134,0.0598513142238424,0.25321709863933317,0.08778192752830218,0.04389096376415109,0.04702603260444759,0.014312270792657964
2026-04-05 07:05:05.017143,0.0598513142238424,0.25321709863933317,0.08778192752830218,0.04389096376415109,0.04702603260444759,0.014312270792657964
2026-04-06 07:05:04.908562,0.0598513142238424,0.25321709863933317,0.08778192752830218,0.04389096376415109,0.04702603260444759,0.014312270792657964
2026-04-06 17:38:29.980052,0.0598513142238424,0.25321709863933317,0.08778192752830218,0.04389096376415109,0.04702603260444759,0.014312270792657964
2026-04-07 07:05:05.282933,0.0598513142238424,0.25321709863933317,0.08778192752830218,0.04389096376415109,0.04702603260444759,0.014312270792657964
2026-04-08 07:05:04.669664,0.0598513142238424,0.25321709863933317,0.08778192752830218,0.04389096376415109,0.04702603260444759,0.014312270792657964
2026-04-08 09:49:27.380838,0.0598513142238424,0.25321709863933317,0.08778192752830218,0.04389096376415109,0.04702603260444759,0.014312270792657964
2026-04-09 07:05:04.247629,0.0598513142238424,0.25321709863933317,0.08778192752830218,0.04389096376415109,0.04702603260444759,0.014312270792657964
2026-04-09 15:54:51.836174,0.0598513142238424,0.25321709863933317,0.08778192752830218,0.04389096376415109,0.04702603260444759,0.014312270792657964
2026-04-10 07:05:07.007177,0.0598513142238424,0.25321709863933317,0.08778192752830218,0.04389096376415109,0.04702603260444759,0.014312270792657964
2026-04-10 11:57:12.846301,0.0598513142238424,0.25321709863933317,0.08778192752830218,0.04389096376415109,0.04702603260444759,0.014312270792657964
2026-04-11 07:05:04.589170,0.0598513142238424,0.25321709863933317,0.08778192752830218,0.04389096376415109,0.04702603260444759,0.014312270792657964
2026-04-11 19:03:41.506117,0.0598513142238424,0.25321709863933317,0.08778192752830218,0.04389096376415109,0.04702603260444759,0.014312270792657964
2026-04-12 07:05:05.193696,0.0598513142238424,0.25321709863933317,0.08778192752830218,0.04389096376415109,0.04702603260444759,0.014312270792657964
2026-04-12 16:59:50.747704,0.0598513142238424,0.25321709863933317,0.08778192752830218,0.04389096376415109,0.04702603260444759,0.014312270792657964
2026-04-13 06:27:23.923674,0.0613619427199099,0.23436853122187806,0.08999751598920118,0.04499875799460059,0.048212954994214914,0.014673508041717584
2026-04-13 07:05:05.169559,0.0613619427199099,0.23436853122187806,0.08999751598920118,0.04499875799460059,0.048212954994214914,0.014673508041717584
2026-04-14 06:33:51.678759,0.0613619427199099,0.23436853122187806,0.08999751598920118,0.04499875799460059,0.048212954994214914,0.014673508041717584
2026-04-14 07:05:04.871702,0.0613619427199099,0.23436853122187806,0.08999751598920118,0.04499875799460059,0.048212954994214914,0.014673508041717584
2026-04-15 07:05:04.840347,0.0613619427199099,0.23436853122187806,0.08999751598920118,0.04499875799460059,0.048212954994214914,0.014673508041717584
2026-04-16 07:05:05.776533,0.0613619427199099,0.23436853122187806,0.08999751598920118,0.04499875799460059,0.048212954994214914,0.014673508041717584
2026-04-16 11:22:43.921248,0.0613619427199099,0.23436853122187806,0.08999751598920118,0.04499875799460059,0.048212954994214914,0.014673508041717584
2026-04-17 07:05:05.092673,0.0613619427199099,0.23436853122187806,0.08999751598920118,0.04499875799460059,0.048212954994214914,0.014673508041717584
2026-04-18 07:05:05.453858,0.0613619427199099,0.23436853122187806,0.08999751598920118,0.04499875799460059,0.048212954994214914,0.014673508041717584
2026-04-19 07:05:05.558861,0.0613619427199099,0.23436853122187806,0.08999751598920118,0.04499875799460059,0.048212954994214914,0.014673508041717584
2026-04-19 19:17:31.284918,0.0613619427199099,0.23436853122187806,0.08999751598920118,0.04499875799460059,0.048212954994214914,0.014673508041717584
2026-04-20 06:20:44.874749,0.0613619427199099,0.23436853122187806,0.08999751598920118,0.04499875799460059,0.048212954994214914,0.014673508041717584
2026-04-20 07:05:05.326131,0.0613619427199099,0.23436853122187806,0.08999751598920118,0.04499875799460059,0.048212954994214914,0.014673508041717584
2026-04-20 09:14:14.038030,0.0613619427199099,0.23436853122187806,0.08999751598920118,0.04499875799460059,0.048212954994214914,0.014673508041717584
2026-04-21 07:05:05.751748,0.0613619427199099,0.23436853122187806,0.08999751598920118,0.04499875799460059,0.048212954994214914,0.014673508041717584
2026-04-21 07:37:39.494398,0.0613619427199099,0.23436853122187806,0.08999751598920118,0.04499875799460059,0.048212954994214914,0.014673508041717584
2026-04-22 07:05:05.398747,0.0613619427199099,0.23436853122187806,0.08999751598920118,0.04499875799460059,0.048212954994214914,0.014673508041717584
2026-04-23 07:05:05.406335,0.0613619427199099,0.23436853122187806,0.08999751598920118,0.04499875799460059,0.048212954994214914,0.014673508041717584
2026-04-23 09:33:44.700998,0.0613619427199099,0.23436853122187806,0.08999751598920118,0.04499875799460059,0.048212954994214914,0.014673508041717584
2026-04-24 07:05:05.351683,0.0613619427199099,0.23436853122187806,0.08999751598920118,0.04499875799460059,0.048212954994214914,0.014673508041717584
2026-04-25 07:05:05.195375,0.0613619427199099,0.23436853122187806,0.08999751598920118,0.04499875799460059,0.048212954994214914,0.014673508041717584
2026-04-26 07:05:06.109485,0.0613619427199099,0.23436853122187806,0.08999751598920118,0.04499875799460059,0.048212954994214914,0.014673508041717584
2026-04-27 07:05:06.152383,0.0613619427199099,0.23436853122187806,0.08999751598920118,0.04499875799460059,0.048212954994214914,0.014673508041717584
2026-04-28 07:05:04.573110,0.0613619427199099,0.23436853122187806,0.08999751598920118,0.04499875799460059,0.048212954994214914,0.014673508041717584
2026-04-29 07:05:04.771389,0.0613619427199099,0.23436853122187806,0.08999751598920118,0.04499875799460059,0.048212954994214914,0.014673508041717584
2026-04-30 07:05:04.476753,0.0613619427199099,0.23436853122187806,0.08999751598920118,0.04499875799460059,0.048212954994214914,0.014673508041717584
2026-05-01 07:05:04.915783,0.0613619427199099,0.23436853122187806,0.08999751598920118,0.04499875799460059,0.048212954994214914,0.014673508041717584
2026-05-02 07:05:07.495944,0.0613619427199099,0.23436853122187806,0.08999751598920118,0.04499875799460059,0.048212954994214914,0.014673508041717584
2026-05-03 07:05:05.149994,0.0613619427199099,0.23436853122187806,0.08999751598920118,0.04499875799460059,0.048212954994214914,0.014673508041717584
2026-05-04 07:05:04.519161,0.0613619427199099,0.23436853122187806,0.08999751598920118,0.04499875799460059,0.048212954994214914,0.014673508041717584
2026-05-05 07:05:04.505389,0.0613619427199099,0.23436853122187806,0.08999751598920118,0.04499875799460059,0.048212954994214914,0.014673508041717584
2026-05-06 06:18:17.508674,0.0613619427199099,0.23436853122187806,0.08999751598920118,0.04499875799460059,0.048212954994214914,0.014673508041717584
2026-05-06 07:05:05.146300,0.0613619427199099,0.23436853122187806,0.08999751598920118,0.04499875799460059,0.048212954994214914,0.014673508041717584
2026-05-06 17:17:54.623533,0.0613619427199099,0.23436853122187806,0.08999751598920118,0.04499875799460059,0.048212954994214914,0.014673508041717584
2026-05-07 07:05:10.649497,0.0613619427199099,0.23436853122187806,0.08999751598920118,0.04499875799460059,0.048212954994214914,0.014673508041717584
2026-05-08 07:05:04.625084,0.0613619427199099,0.23436853122187806,0.08999751598920118,0.04499875799460059,0.048212954994214914,0.014673508041717584
2026-05-09 07:05:04.086582,0.0613619427199099,0.23436853122187806,0.08999751598920118,0.04499875799460059,0.048212954994214914,0.014673508041717584
2026-05-10 06:20:36.558342,0.0613619427199099,0.23436853122187806,0.08999751598920118,0.04499875799460059,0.048212954994214914,0.014673508041717584
2026-05-10 07:05:05.042242,0.0613619427199099,0.23436853122187806,0.08999751598920118,0.04499875799460059,0.048212954994214914,0.014673508041717584
2026-05-11 07:05:05.618615,0.06284222213587952,0.22298853015957248,0.09216859246595663,0.046084296232978314,0.049376031678191046,0.015027487902058144
2026-05-12 07:05:06.400367,0.061873146988152286,0.22686820562322502,0.09074728224929002,0.04537364112464501,0.056717051405806254,0.01479575254064511
2026-05-13 07:05:05.139386,0.061873146988152286,0.22686820562322502,0.09074728224929002,0.04537364112464501,0.056717051405806254,0.01479575254064511
2026-05-14 07:05:04.508319,0.061873146988152286,0.22686820562322502,0.09074728224929002,0.04537364112464501,0.056717051405806254,0.01479575254064511
2026-05-15 07:05:04.352888,0.06232929327600035,0.2211684600116141,0.0914162968048005,0.04570814840240025,0.05713518550300031,0.01490483100078269
2026-05-16 07:05:05.633682,0.06232929327600035,0.2211684600116141,0.0914162968048005,0.04570814840240025,0.05713518550300031,0.01490483100078269
2026-05-17 07:05:04.477495,0.06232929327600035,0.2211684600116141,0.0914162968048005,0.04570814840240025,0.05713518550300031,0.01490483100078269
2026-05-18 07:05:06.755406,0.06232929327600035,0.2211684600116141,0.0914162968048005,0.04570814840240025,0.05713518550300031,0.01490483100078269
2026-05-19 06:27:30.796201,0.06232929327600035,0.2211684600116141,0.0914162968048005,0.04570814840240025,0.05713518550300031,0.01490483100078269
2026-05-19 07:05:04.609022,0.06232929327600035,0.2211684600116141,0.0914162968048005,0.04570814840240025,0.05713518550300031,0.01490483100078269
2026-05-19 10:15:55.594129,0.06232929327600035,0.2211684600116141,0.0914162968048005,0.04570814840240025,0.05713518550300031,0.01490483100078269
2026-05-20 07:05:05.631462,0.06232929327600035,0.2211684600116141,0.0914162968048005,0.04570814840240025,0.05713518550300031,0.01490483100078269
2026-05-21 07:05:04.757199,0.06232929327600035,0.2211684600116141,0.0914162968048005,0.04570814840240025,0.05713518550300031,0.01490483100078269
2026-05-21 09:44:51.613955,0.06232929327600035,0.2211684600116141,0.0914162968048005,0.04570814840240025,0.05713518550300031,0.01490483100078269
2026-05-21 09:47:35.712356,0.06232929327600035,0.2211684600116141,0.0914162968048005,0.04570814840240025,0.05713518550300031,0.01490483100078269
2026-05-22 07:05:05.495020,0.06232929327600035,0.2211684600116141,0.0914162968048005,0.04570814840240025,0.05713518550300031,0.01490483100078269
2026-05-23 07:05:05.192426,0.06232929327600035,0.2211684600116141,0.0914162968048005,0.04570814840240025,0.05713518550300031,0.01490483100078269
2026-05-24 07:05:04.984057,0.061924939799122065,0.21973365735172345,0.09731061968433466,0.04541162251935618,0.05676452814919522,0.014808137778050928
2026-05-25 07:05:04.130123,0.061924939799122065,0.21973365735172345,0.09731061968433466,0.04541162251935618,0.05676452814919522,0.014808137778050928
2026-05-25 20:30:54.845065,0.061924939799122065,0.21973365735172345,0.09731061968433466,0.04541162251935618,0.05676452814919522,0.014808137778050928
2026-05-26 06:25:39.909574,0.061924939799122065,0.21973365735172345,0.09731061968433466,0.04541162251935618,0.05676452814919522,0.014808137778050928
2026-05-26 07:05:05.255116,0.061924939799122065,0.21973365735172345,0.09731061968433466,0.04541162251935618,0.05676452814919522,0.014808137778050928
2026-05-27 07:05:07.185810,0.061924939799122065,0.21973365735172345,0.09731061968433466,0.04541162251935618,0.05676452814919522,0.014808137778050928
2026-05-28 07:05:06.066559,0.062760736537146,0.20920245512382002,0.09862401455837229,0.0460245401272404,0.0575306751590505,0.015008002215404478
2026-05-29 07:05:04.624714,0.06314929499456368,0.20430654262947073,0.09923460642002863,0.04630948299601336,0.0578868537450167,0.015100918368265227
2026-05-30 07:05:06.836023,0.06314929499456368,0.20430654262947073,0.09923460642002863,0.04630948299601336,0.0578868537450167,0.015100918368265227
2026-05-31 07:05:11.775483,0.06314929499456368,0.20430654262947073,0.09923460642002863,0.04630948299601336,0.0578868537450167,0.015100918368265227
2026-06-01 07:05:06.046401,0.06314929499456368,0.20430654262947073,0.09923460642002863,0.04630948299601336,0.0578868537450167,0.015100918368265227
2026-06-02 07:05:05.662694,0.07065959063784646,0.20782232540543075,0.10094227233978065,0.047106393758564305,0.05888299219820538,0.015360780573444881
2026-06-03 07:05:04.184436,0.07410293314923895,0.20705231321110887,0.10056826641682429,0.04693185766118467,0.05866482207648084,0.015303866628647175
2026-06-04 07:05:06.053106,0.07065959063784646,0.20782232540543075,0.10094227233978065,0.047106393758564305,0.05888299219820538,0.015360780573444881
2026-06-05 07:05:04.509711,0.07065959063784646,0.20782232540543075,0.10094227233978065,0.047106393758564305,0.05888299219820538,0.015360780573444881
2026-06-06 07:05:05.710413,0.0650139173258149,0.21033914428940112,0.10216472722628053,0.04767687270559758,0.05959609088199698,0.01554680631704269
2026-06-07 07:05:04.860914,0.07105336330960323,0.2089804803223624,0.10150480472800459,0.04736890887306881,0.05921113609133601,0.015446383328174612
2026-06-08 07:05:05.599542,0.07105336330960323,0.2089804803223624,0.10150480472800459,0.04736890887306881,0.05921113609133601,0.015446383328174612
2026-06-08 16:55:31.306693,0.07105336330960323,0.2089804803223624,0.10150480472800459,0.04736890887306881,0.05921113609133601,0.015446383328174612
2026-06-09 07:05:04.540951,0.07227609173935431,0.21257674040986563,0.10325155962764901,0.04818406115956954,0.06023007644946192,0.01571219385638137
2026-06-09 07:22:50.214658,0.07227609173935431,0.21257674040986563,0.10325155962764901,0.04818406115956954,0.06023007644946192,0.01571219385638137
2026-06-10 07:05:05.547526,0.07181348939110523,0.2176166345185007,0.10259069913015031,0.04787565959407015,0.059844574492587684,0.015611628128501136
2026-06-11 07:05:06.617882,0.09582531435153366,0.2177848053443947,0.10266997966235748,0.04791265717576683,0.05989082146970853,0.01562369255731527
2026-06-14 10:23:45.496784,0.08158113781288438,0.21013323376045978,0.09906281020135961,0.07299364962205444,0.05778663928412644,0.015074775465424288
2026-06-14 10:24:30.383215,0.08158113781288438,0.21013323376045978,0.09906281020135961,0.07299364962205444,0.05778663928412644,0.015074775465424288
2026-06-14 10:29:07.764505,0.08158113781288438,0.21013323376045978,0.09906281020135961,0.07299364962205444,0.05778663928412644,0.015074775465424288
2026-06-15 06:13:15.723643,0.08158113781288438,0.21013323376045978,0.09906281020135961,0.07299364962205444,0.05778663928412644,0.015074775465424288
2026-06-15 07:05:05.097151,0.08158113781288438,0.21013323376045978,0.09906281020135961,0.07299364962205444,0.05778663928412644,0.015074775465424288
2026-06-16 07:05:04.390731,0.08728297889384264,0.1995039517573546,0.0997519758786773,0.07350145591060432,0.05818865259589509,0.015179648503276981
2026-06-17 07:05:06.226377,0.08776937716014069,0.19504306035586821,0.10030785961158935,0.07391105445064479,0.05851291810676046,0.015264239506111424
2026-06-18 07:05:06.266946,0.08624023539315064,0.20906723731672883,0.09856026902074358,0.07262335612054789,0.05749349026210042,0.014998301807504458
2026-06-19 07:05:04.069347,0.08624023539315064,0.20906723731672883,0.09856026902074358,0.07262335612054789,0.05749349026210042,0.014998301807504458
2026-06-20 07:05:05.281818,0.08624023539315064,0.20906723731672883,0.09856026902074358,0.07262335612054789,0.05749349026210042,0.014998301807504458
2026-06-21 07:05:05.282628,0.08677381071306906,0.20417367226604485,0.09917006938636463,0.07307268270574235,0.057849207142046034,0.015091097515316357
2026-06-22 07:05:06.092665,0.08677381071306906,0.20417367226604485,0.09917006938636463,0.07307268270574235,0.057849207142046034,0.015091097515316357
2026-06-23 07:05:05.635562,0.08677381071306906,0.20417367226604485,0.09917006938636463,0.07307268270574235,0.057849207142046034,0.015091097515316357
2026-06-24 07:05:04.743910,0.0864988716392771,0.20352675679829904,0.1064601497098795,0.07284115506465438,0.05323007485493975,0.015043282024222102
2026-06-25 07:05:07.317530,0.0864988716392771,0.20352675679829904,0.1064601497098795,0.07284115506465438,0.05323007485493975,0.015043282024222102
2026-06-26 07:05:04.746659,0.0864988716392771,0.20352675679829904,0.1064601497098795,0.07284115506465438,0.05323007485493975,0.015043282024222102
2026-06-27 07:05:06.056790,0.0864988716392771,0.20352675679829904,0.1064601497098795,0.07284115506465438,0.05323007485493975,0.015043282024222102
2026-06-28 07:05:04.707605,0.08583244496754788,0.20195869404128913,0.10563993226775124,0.07227995365688242,0.05281996613387562,0.014927381733486587
2026-06-29 07:05:05.151941,0.08583244496754788,0.20195869404128913,0.10563993226775124,0.07227995365688242,0.05281996613387562,0.014927381733486587
2026-06-30 07:05:04.836721,0.08583244496754788,0.20195869404128913,0.10563993226775124,0.07227995365688242,0.05281996613387562,0.014927381733486587
2026-07-01 07:05:05.255452,0.08583244496754788,0.20195869404128913,0.10563993226775124,0.07227995365688242,0.05281996613387562,0.014927381733486587
2026-07-01 08:23:47.474369,0.08583244496754788,0.20195869404128913,0.10563993226775124,0.07227995365688242,0.05281996613387562,0.014927381733486587
2026-07-02 07:05:04.844248,0.08583244496754788,0.20195869404128913,0.10563993226775124,0.07227995365688242,0.05281996613387562,0.014927381733486587
2026-07-02 18:46:35.514860,0.08748142415727762,0.18662703820219226,0.10766944511664939,0.07366856771139167,0.053834722558324694,0.015214160723004803
2026-07-03 07:05:07.065521,0.08748142415727762,0.18662703820219226,0.10766944511664939,0.07366856771139167,0.053834722558324694,0.015214160723004803
2026-07-04 07:05:10.331643,0.08748142415727762,0.18662703820219226,0.10766944511664939,0.07366856771139167,0.053834722558324694,0.015214160723004803
2026-07-05 07:05:09.688597,0.08680640655096174,0.19290312566880385,0.1068386542165683,0.07310013183238882,0.05341932710828415,0.015096766356688997
2026-07-06 07:05:04.480570,0.08680640655096174,0.19290312566880385,0.1068386542165683,0.07310013183238882,0.05341932710828415,0.015096766356688997
2026-07-06 08:15:43.062456,0.08680640655096174,0.19290312566880385,0.1068386542165683,0.07310013183238882,0.05341932710828415,0.015096766356688997
2026-07-07 07:05:04.513667,0.10675944563672986,0.17348409915968602,0.10675944563672986,0.07304593648828885,0.05337972281836493,0.015085573839972695
2026-07-08 07:05:04.141396,0.10620248543119203,0.17257903882568704,0.11505269255045802,0.06903161553027481,0.05310124271559601,0.01500687294136409
2026-07-09 07:05:05.285122,0.10620248543119203,0.17257903882568704,0.11505269255045802,0.06903161553027481,0.05310124271559601,0.01500687294136409
2026-07-10 07:05:05.841555,0.11404338497286597,0.17106507745929897,0.11404338497286597,0.06842603098371959,0.05263540844901507,0.014875224126895561
2026-07-11 07:05:05.513836,0.11475723791076488,0.17213585686614732,0.11475723791076488,0.0625948570422354,0.05296487903573764,0.014968335379664984
2026-07-12 07:05:05.330366,0.10687317890360767,0.17366891571836246,0.11577927714557497,0.06315233298849544,0.05343658945180384,0.015101644845074995
2026-07-13 07:05:06.004089,0.11475723791076488,0.17213585686614732,0.11475723791076488,0.0625948570422354,0.05296487903573764,0.014968335379664984
2026-07-14 07:05:04.654706,0.1142691530824963,0.17140372962374445,0.1142691530824963,0.062328628954088895,0.052739609114998295,0.01490467214119517
2026-07-15 07:05:07.285532,0.1142691530824963,0.17140372962374445,0.1142691530824963,0.062328628954088895,0.052739609114998295,0.01490467214119517
2026-07-16 07:05:06.099895,0.1142691530824963,0.17140372962374445,0.1142691530824963,0.062328628954088895,0.052739609114998295,0.01490467214119517
2026-07-17 07:05:05.726150,0.1142691530824963,0.17140372962374445,0.1142691530824963,0.062328628954088895,0.052739609114998295,0.01490467214119517
2026-07-18 07:05:06.037199,0.1142691530824963,0.17140372962374445,0.1142691530824963,0.062328628954088895,0.052739609114998295,0.01490467214119517
2026-07-19 07:05:05.674473,0.1129781612027507,0.18076505792440112,0.1129781612027507,0.06162445156513675,0.05214376670896186,0.01473628189601096
2026-07-20 07:05:05.276306,0.11182958836083545,0.1789273413773367,0.12199591457545686,0.06099795728772843,0.05161365616653944,0.014586468047065494
2026-07-21 07:05:05.991482,0.11182958836083545,0.1789273413773367,0.12199591457545686,0.06099795728772843,0.05161365616653944,0.014586468047065494
2026-07-22 07:05:05.877947,0.10580590710526551,0.16928945136842483,0.16928945136842483,0.057712312966508465,0.048833495587045625,0.013800770491991155
2026-07-23 07:05:06.581192,0.11007637503270355,0.16511456254905532,0.14676850004360473,0.0600416591087474,0.05080448078432472,0.014357788047743942
2026-07-24 07:05:05.860953,0.11062990863784232,0.16594486295676347,0.14750654485045642,0.05531495431892116,0.051059957832850306,0.014429988083196824
2026-07-25 07:05:04.957666,0.11204697435033292,0.1552613963284059,0.1493959658004439,0.05602348717516646,0.05171398816169213,0.014614822741347774
2026-07-26 07:05:12.644590,0.1440170733588926,0.14967132335219788,0.1440170733588926,0.05400640250958473,0.049852063855001294,0.0140886267416308
2026-07-27 07:05:06.454379,0.1535924618576207,0.143352964400446,0.143352964400446,0.05375736165016725,0.049622179984769775,0.014023659560913197
2026-07-28 07:05:04.772567,0.1490521104083811,0.1434212529040645,0.1434212529040645,0.053782969839024176,0.053782969839024176,0.014030339958006307
2026-07-28 12:16:53.109530,0.1490521104083811,0.1434212529040645,0.1434212529040645,0.053782969839024176,0.053782969839024176,0.014030339958006307
2026-07-28 12:40:08.036636,0.1490521104083811,0.1434212529040645,0.1434212529040645,0.053782969839024176,0.053782969839024176,0.014030339958006307
2026-07-29 07:05:11.601773,0.1490521104083811,0.1434212529040645,0.1434212529040645,0.053782969839024176,0.053782969839024176,0.014030339958006307
2026-07-30 07:05:04.955280,0.11976011274689317,0.1521202355907419,0.14637347113509164,0.054890051675659364,0.054890051675659364,0.014319143915389401
2026-07-31 07:05:05.472644,0.12721933620890302,0.15902417026112878,0.14135481800989225,0.06360966810445151,0.053008056753709586,0.013828188718359023
2026-08-01 07:05:04.727818,0.13938455023668256,0.15680761901626789,0.13938455023668256,0.06272304760650715,0.05226920633875595,0.01363544513184938
2026-08-02 07:05:04.572364,0.14043316884801432,0.15046410948001532,0.14043316884801432,0.06319492598160645,0.052662438318005364,0.013738027387305748
2026-08-03 07:05:05.936226,0.14043316884801432,0.15046410948001532,0.14043316884801432,0.06319492598160645,0.052662438318005364,0.013738027387305748
2026-08-04 07:05:05.780808,0.14232151904844736,0.15248734183762216,0.14232151904844736,0.05822243961072847,0.04574620255128665,0.013922757298217677
2026-08-05 07:05:04.942869,0.14278026403995592,0.15297885432852418,0.14278026403995592,0.0584101080163456,0.04589365629855725,0.01396763452564786
2026-08-06 07:05:06.922395,0.1448484135126666,0.15519472876357138,0.1303635721614,0.05925616916427271,0.04655841862907142,0.014169953495804345
2026-08-06 14:42:40.650617,0.1448484135126666,0.15519472876357138,0.1303635721614,0.05925616916427271,0.04655841862907142,0.014169953495804345
2026-08-07 07:05:06.721863,0.14433150224322028,0.15464089526059316,0.12989835201889827,0.05904470546313557,0.04996090462265317,0.014119386089010678
2026-08-08 07:05:04.555109,0.1458349722882172,0.1458349722882172,0.1312514750593955,0.059659761390634315,0.05048133656130596,0.014266464680369075
2026-08-09 07:05:05.128784,0.1449700842248537,0.1449700842248537,0.13047307580236833,0.06523653790118417,0.05018195223168013,0.014181856065474818
2026-08-10 07:05:12.977906,0.14210619479247996,0.14210619479247996,0.12789557531323198,0.06394778765661599,0.049190605889704614,0.042631858437743995
2026-08-11 07:05:04.315813,0.14210619479247996,0.14210619479247996,0.12789557531323198,0.06394778765661599,0.049190605889704614,0.042631858437743995
2026-08-12 07:05:04.922418,0.14429082793581255,0.14429082793581255,0.11805613194748299,0.06493087257111566,0.04637919469365403,0.04328724838074376
2026-08-13 07:05:05.131309,0.14418171552791012,0.14418171552791012,0.11796685815919919,0.058983429079599595,0.049909055375045815,0.04634412284825682
2026-08-14 07:05:08.000612,0.14418171552791012,0.14418171552791012,0.11796685815919919,0.058983429079599595,0.049909055375045815,0.04634412284825682
