tstamp,Liverpool,Man City,Arsenal,Chelsea,Man Utd,Tottenham
2024-07-01 18:05:08.378289,0.10196896122122419,0.36255630656435267,0.3021302554702939,0.06275012998229182,0.03546746477259972,0.03137506499114591
2024-07-02 18:05:08.732504,0.10196896122122419,0.36255630656435267,0.3021302554702939,0.06275012998229182,0.03546746477259972,0.03137506499114591
2024-07-03 18:05:07.635578,0.10196896122122419,0.36255630656435267,0.3021302554702939,0.06275012998229182,0.03546746477259972,0.03137506499114591
2024-07-04 18:05:11.431532,0.10196896122122419,0.36255630656435267,0.3021302554702939,0.06275012998229182,0.03546746477259972,0.03137506499114591
2024-07-05 18:05:07.987734,0.10196896122122419,0.36255630656435267,0.3021302554702939,0.06275012998229182,0.03546746477259972,0.03137506499114591
2024-07-06 18:05:21.899666,0.10196896122122419,0.36255630656435267,0.3021302554702939,0.06275012998229182,0.03546746477259972,0.03137506499114591
2024-07-07 18:05:08.436783,0.10196896122122419,0.36255630656435267,0.3021302554702939,0.06275012998229182,0.03546746477259972,0.03137506499114591
2024-07-08 08:54:22.222564,0.10196896122122419,0.36255630656435267,0.3021302554702939,0.06275012998229182,0.03546746477259972,0.03137506499114591
2024-07-08 18:05:07.377148,0.10196896122122419,0.36255630656435267,0.3021302554702939,0.06275012998229182,0.03546746477259972,0.03137506499114591
2024-07-09 18:05:08.640917,0.10196896122122419,0.36255630656435267,0.3021302554702939,0.06275012998229182,0.03546746477259972,0.03137506499114591
2024-07-10 08:26:48.923635,0.10196896122122419,0.36255630656435267,0.3021302554702939,0.06275012998229182,0.03546746477259972,0.03137506499114591
2024-07-10 18:05:09.239706,0.10196896122122419,0.36255630656435267,0.3021302554702939,0.06275012998229182,0.03546746477259972,0.03137506499114591
2024-07-11 18:05:08.122656,0.10196896122122419,0.36255630656435267,0.3021302554702939,0.06275012998229182,0.03546746477259972,0.03137506499114591
2024-07-12 18:05:11.215731,0.10196896122122419,0.36255630656435267,0.3021302554702939,0.06275012998229182,0.03546746477259972,0.03137506499114591
2024-07-13 18:05:07.677525,0.10196896122122419,0.36255630656435267,0.3021302554702939,0.06275012998229182,0.03546746477259972,0.03137506499114591
2024-07-14 10:32:59.766796,0.10196896122122419,0.36255630656435267,0.3021302554702939,0.06275012998229182,0.03546746477259972,0.03137506499114591
2024-07-14 12:47:51.956472,0.10196896122122419,0.36255630656435267,0.3021302554702939,0.06275012998229182,0.03546746477259972,0.03137506499114591
2024-07-14 18:05:07.182504,0.10196896122122419,0.36255630656435267,0.3021302554702939,0.06275012998229182,0.03546746477259972,0.03137506499114591
2024-07-15 18:05:08.688880,0.10196896122122419,0.36255630656435267,0.3021302554702939,0.06275012998229182,0.03546746477259972,0.03137506499114591
2024-07-16 18:05:07.845251,0.10196896122122419,0.36255630656435267,0.3021302554702939,0.06275012998229182,0.03546746477259972,0.03137506499114591
2024-07-17 18:05:08.639215,0.10196896122122419,0.36255630656435267,0.3021302554702939,0.06275012998229182,0.03546746477259972,0.03137506499114591
2024-07-18 18:05:10.032307,0.10196896122122419,0.36255630656435267,0.3021302554702939,0.06275012998229182,0.03546746477259972,0.03137506499114591
2024-07-20 18:05:08.545836,0.10196896122122419,0.36255630656435267,0.3021302554702939,0.06275012998229182,0.03546746477259972,0.03137506499114591
2024-07-21 18:05:06.302247,0.10196896122122419,0.36255630656435267,0.3021302554702939,0.06275012998229182,0.03546746477259972,0.03137506499114591
2024-07-22 08:23:27.461127,0.10196896122122419,0.36255630656435267,0.3021302554702939,0.06275012998229182,0.03546746477259972,0.03137506499114591
2024-07-22 09:29:06.012371,0.10196896122122419,0.36255630656435267,0.3021302554702939,0.06275012998229182,0.03546746477259972,0.03137506499114591
2024-07-22 18:05:09.383291,0.10196896122122419,0.36255630656435267,0.3021302554702939,0.06275012998229182,0.03546746477259972,0.03137506499114591
2024-07-23 18:05:07.698669,0.10196896122122419,0.36255630656435267,0.3021302554702939,0.06275012998229182,0.03546746477259972,0.03137506499114591
2024-07-24 18:05:07.230505,0.10196896122122419,0.36255630656435267,0.3021302554702939,0.06275012998229182,0.03546746477259972,0.03137506499114591
2024-07-25 09:51:32.944490,0.10196896122122419,0.36255630656435267,0.3021302554702939,0.06275012998229182,0.03546746477259972,0.03137506499114591
2024-07-25 18:05:07.186145,0.10196896122122419,0.36255630656435267,0.3021302554702939,0.06275012998229182,0.03546746477259972,0.03137506499114591
2024-07-26 18:05:08.083094,0.1009712320678454,0.4086930821793742,0.3065198116345307,0.0429127736288343,0.040869308217937425,0.03731545532942113
2024-07-27 18:05:08.036849,0.1007992423790886,0.40799693343916815,0.3059977000793761,0.04283967801111266,0.04079969334391681,0.037251893922706655
2024-07-28 18:05:09.750024,0.09938010514406122,0.4022528065354859,0.30168960490161445,0.056315392914968024,0.040225280653548585,0.036727430161935665
2024-07-29 18:05:16.241900,0.09938010514406122,0.4022528065354859,0.30168960490161445,0.056315392914968024,0.040225280653548585,0.036727430161935665
2024-07-30 09:55:04.187257,0.12133500185990327,0.3774866724530324,0.3033375046497582,0.05662300086795486,0.04044500061996776,0.03692804404431839
2024-07-30 18:05:10.633057,0.12133500185990327,0.3774866724530324,0.3033375046497582,0.05662300086795486,0.04044500061996776,0.03692804404431839
2024-07-31 18:05:09.315889,0.12140577205214263,0.37770684638444374,0.3035144301303566,0.060702886026071316,0.040468590684047547,0.036949582798478195
2024-08-01 08:14:04.171427,0.12140577205214263,0.37770684638444374,0.3035144301303566,0.060702886026071316,0.040468590684047547,0.036949582798478195
2024-08-01 18:05:09.437133,0.12140577205214263,0.37770684638444374,0.3035144301303566,0.060702886026071316,0.040468590684047547,0.036949582798478195
2024-08-02 18:05:08.556853,0.12140577205214263,0.37770684638444374,0.3035144301303566,0.060702886026071316,0.040468590684047547,0.036949582798478195
2024-08-03 18:05:08.427568,0.12059240460852473,0.37517636989318803,0.30148101152131185,0.060296202304262365,0.046897046236648504,0.03670203618520318
2024-08-04 18:05:11.051537,0.11993214153874612,0.3731222181205435,0.29983035384686535,0.05996607076937306,0.04664027726506794,0.04197624953856115
2024-08-05 18:05:08.984174,0.11974282655953256,0.3725332381852124,0.2993570663988314,0.05987141327976628,0.04656665477315155,0.0419099892958364
2024-08-06 14:25:30.341613,0.11974282655953256,0.3725332381852124,0.2993570663988314,0.05987141327976628,0.04656665477315155,0.0419099892958364
2024-08-06 18:05:08.876217,0.11974282655953256,0.3725332381852124,0.2993570663988314,0.05987141327976628,0.04656665477315155,0.0419099892958364
2024-08-07 18:05:08.935876,0.11974282655953256,0.3725332381852124,0.2993570663988314,0.05987141327976628,0.04656665477315155,0.0419099892958364
2024-08-08 18:05:09.965897,0.11974282655953256,0.3725332381852124,0.2993570663988314,0.05987141327976628,0.04656665477315155,0.0419099892958364
2024-08-09 10:31:41.456568,0.11974282655953256,0.3725332381852124,0.2993570663988314,0.05987141327976628,0.04656665477315155,0.0419099892958364
2024-08-09 17:14:56.719883,0.11974282655953256,0.3725332381852124,0.2993570663988314,0.05987141327976628,0.04656665477315155,0.0419099892958364
2024-08-09 18:05:09.001627,0.11974282655953256,0.3725332381852124,0.2993570663988314,0.05987141327976628,0.04656665477315155,0.0419099892958364
2024-08-10 07:54:33.521815,0.11974282655953256,0.3725332381852124,0.2993570663988314,0.05987141327976628,0.04656665477315155,0.0419099892958364
2024-08-10 18:05:07.875461,0.11974282655953256,0.3725332381852124,0.2993570663988314,0.05987141327976628,0.04656665477315155,0.0419099892958364
2024-08-11 16:01:21.772755,0.11974282655953256,0.3725332381852124,0.2993570663988314,0.05987141327976628,0.04656665477315155,0.0419099892958364
2024-08-11 18:05:08.932919,0.11974282655953256,0.3725332381852124,0.2993570663988314,0.05987141327976628,0.04656665477315155,0.0419099892958364
2024-08-11 20:18:33.943674,0.11974282655953256,0.3725332381852124,0.2993570663988314,0.05987141327976628,0.04656665477315155,0.0419099892958364
2024-08-12 18:05:09.665187,0.1195726677891442,0.37200385534400415,0.29893166947286054,0.0597863338945721,0.04650048191800052,0.041850433726200474
2024-08-13 18:05:08.756657,0.1195726677891442,0.37200385534400415,0.29893166947286054,0.0597863338945721,0.04650048191800052,0.041850433726200474
2024-08-14 08:48:30.724946,0.11730601303862594,0.364952040564614,0.3122213274792326,0.05865300651931297,0.04561900507057675,0.04105710456351908
2024-08-14 16:16:40.981974,0.11730601303862594,0.364952040564614,0.3122213274792326,0.05865300651931297,0.04561900507057675,0.04105710456351908
2024-08-14 18:05:08.902104,0.11730601303862594,0.364952040564614,0.3122213274792326,0.05865300651931297,0.04561900507057675,0.04105710456351908
2024-08-15 18:05:09.576405,0.11730601303862594,0.364952040564614,0.3122213274792326,0.05865300651931297,0.04561900507057675,0.04105710456351908
2024-08-16 08:59:18.844243,0.1169255211921804,0.36376828815345014,0.3112086115381228,0.0584627605960902,0.04547103601918127,0.040923932417263144
2024-08-16 18:05:11.064577,0.1045121679045564,0.3701472613286373,0.32901978784767755,0.046755443536248914,0.04230254415184426,0.03862406205168389
2024-08-17 18:05:09.729044,0.10221977400878254,0.3861635906998452,0.31031002824094706,0.0620620056481894,0.04137467043212627,0.037776873003245726
2024-08-18 18:05:09.874394,0.13012325086397414,0.35241713775659667,0.31325967800586363,0.06041436647255942,0.040276244315039615,0.03677396220068834
2024-08-19 18:05:10.545656,0.12190703571001803,0.3792663333200561,0.3282112499885101,0.04063567857000601,0.037102141303048966,0.037102141303048966
2024-08-20 09:55:14.620170,0.12396483795064282,0.3856683847353332,0.32139032061277767,0.04132161265021427,0.03772842894149999,0.02799206018240322
2024-08-20 18:05:08.095507,0.12396483795064282,0.3856683847353332,0.32139032061277767,0.04132161265021427,0.03772842894149999,0.02799206018240322
2024-08-21 18:05:12.432678,0.1155654274688896,0.3852180915629653,0.3333618100064123,0.04127336695317486,0.037684378522464,0.02795937761344103
2024-08-22 10:01:04.775979,0.14619352024136578,0.3654838006034145,0.3248744894252573,0.0417695772118188,0.03373696620954596,0.028295520046715962
2024-08-22 14:23:06.573678,0.14619352024136578,0.3654838006034145,0.3248744894252573,0.0417695772118188,0.03373696620954596,0.028295520046715962
2024-08-22 14:23:18.469049,0.14619352024136578,0.3654838006034145,0.3248744894252573,0.0417695772118188,0.03373696620954596,0.028295520046715962
2024-08-23 06:05:09.456225,0.14619352024136578,0.3654838006034145,0.3248744894252573,0.0417695772118188,0.03373696620954596,0.028295520046715962
2024-08-24 06:05:10.771575,0.14595242284145302,0.36488105710363256,0.3243387174254511,0.041700692240415144,0.03368132834802762,0.028248856033829615
2024-08-25 06:05:08.850228,0.13861221981641725,0.3696325861771127,0.3465305495410432,0.026828171577371083,0.026828171577371083,0.026828171577371083
2024-08-26 06:05:08.399320,0.13883252611941496,0.39666436034118563,0.33319806268659596,0.03203827525832654,0.02031695504186561,0.026870811506983543
2024-08-27 06:05:07.094070,0.13883252611941496,0.39666436034118563,0.33319806268659596,0.03203827525832654,0.02031695504186561,0.026870811506983543
2024-08-28 06:05:08.457821,0.13883252611941496,0.39666436034118563,0.33319806268659596,0.03203827525832654,0.02031695504186561,0.026870811506983543
2024-08-29 06:05:09.251191,0.13883252611941496,0.39666436034118563,0.33319806268659596,0.03203827525832654,0.02031695504186561,0.026870811506983543
2024-08-30 06:05:08.654960,0.13883252611941496,0.39666436034118563,0.33319806268659596,0.03203827525832654,0.02031695504186561,0.026870811506983543
2024-08-31 06:05:08.024987,0.13883252611941496,0.39666436034118563,0.33319806268659596,0.03203827525832654,0.02031695504186561,0.026870811506983543
2024-09-01 06:05:10.298444,0.12731130036822919,0.45219860786529487,0.2873345320810728,0.031827825092057296,0.020183498838865603,0.02669430491591902
2024-09-02 06:05:08.179950,0.1527918610991157,0.4399765633744169,0.29179001251567227,0.027108233420810843,0.012542615463360243,0.016477553647943847
2024-09-03 06:05:19.676370,0.1527918610991157,0.4399765633744169,0.29179001251567227,0.027108233420810843,0.012542615463360243,0.016477553647943847
2024-09-03 10:55:25.811131,0.1527918610991157,0.4399765633744169,0.29179001251567227,0.027108233420810843,0.012542615463360243,0.016477553647943847
2024-09-04 06:05:10.163433,0.1527918610991157,0.4399765633744169,0.29179001251567227,0.027108233420810843,0.012542615463360243,0.016477553647943847
2024-09-05 06:05:10.608250,0.1527918610991157,0.4399765633744169,0.29179001251567227,0.027108233420810843,0.012542615463360243,0.016477553647943847
2024-09-07 06:05:09.952487,0.17433769430878426,0.4358442357719607,0.2905628238479738,0.02126069442790052,0.013010275694685393,0.013010275694685393
2024-09-08 06:05:08.363402,0.17433769430878426,0.4358442357719607,0.2905628238479738,0.02126069442790052,0.013010275694685393,0.013010275694685393
2024-09-09 06:05:08.739267,0.17433769430878426,0.4358442357719607,0.2905628238479738,0.02126069442790052,0.013010275694685393,0.013010275694685393
2024-09-10 06:05:11.289601,0.17433769430878426,0.4358442357719607,0.2905628238479738,0.02126069442790052,0.013010275694685393,0.013010275694685393
2024-09-11 06:05:09.973800,0.17433769430878426,0.4358442357719607,0.2905628238479738,0.02126069442790052,0.013010275694685393,0.013010275694685393
2024-09-11 17:10:46.333972,0.17433769430878426,0.4358442357719607,0.2905628238479738,0.02126069442790052,0.013010275694685393,0.013010275694685393
2024-09-11 19:03:08.850471,0.17433769430878426,0.4358442357719607,0.2905628238479738,0.02126069442790052,0.013010275694685393,0.013010275694685393
2024-09-12 06:05:08.790327,0.17433769430878426,0.4358442357719607,0.2905628238479738,0.02126069442790052,0.013010275694685393,0.013010275694685393
2024-09-12 16:46:32.340030,0.17433769430878426,0.4358442357719607,0.2905628238479738,0.02126069442790052,0.013010275694685393,0.013010275694685393
2024-09-13 06:05:18.382467,0.17433769430878426,0.4358442357719607,0.2905628238479738,0.02126069442790052,0.013010275694685393,0.013010275694685393
2024-09-14 06:05:09.921705,0.17433769430878426,0.4358442357719607,0.2905628238479738,0.02126069442790052,0.013010275694685393,0.013010275694685393
2024-09-16 06:05:09.077350,0.11464679813721866,0.4501837623189215,0.3307119177035154,0.02528973488321,0.016859823255473333,0.011313828763541315
2024-09-17 06:05:10.859767,0.11464679813721866,0.4501837623189215,0.3307119177035154,0.02528973488321,0.016859823255473333,0.011313828763541315
2024-09-18 06:05:08.763511,0.11464679813721866,0.4501837623189215,0.3307119177035154,0.02528973488321,0.016859823255473333,0.011313828763541315
2024-09-19 06:05:12.259028,0.11464679813721866,0.4501837623189215,0.3307119177035154,0.02528973488321,0.016859823255473333,0.011313828763541315
2024-09-19 14:30:28.572698,0.11464679813721866,0.4501837623189215,0.3307119177035154,0.02528973488321,0.016859823255473333,0.011313828763541315
2024-09-19 14:31:34.675896,0.11464679813721866,0.4501837623189215,0.3307119177035154,0.02528973488321,0.016859823255473333,0.011313828763541315
2024-09-20 06:05:11.650598,0.11464679813721866,0.4501837623189215,0.3307119177035154,0.02528973488321,0.016859823255473333,0.011313828763541315
2024-09-21 06:05:09.159473,0.11464679813721866,0.4501837623189215,0.3307119177035154,0.02528973488321,0.016859823255473333,0.011313828763541315
2024-09-22 06:05:10.377815,0.12721138135104912,0.44523983472867196,0.3298072849842014,0.028725150627656255,0.010993576166140048,0.010993576166140048
2024-09-23 06:05:12.168613,0.12759995604937033,0.42533318683123444,0.34353834320984317,0.03435383432098432,0.013331338691725259,0.011027156695624596
2024-09-24 06:05:08.022624,0.14441612375350635,0.3851096633426836,0.3465986970084153,0.04332483712605191,0.016990132206294865,0.016990132206294865
2024-09-25 06:05:19.825698,0.14441612375350635,0.3851096633426836,0.3465986970084153,0.04332483712605191,0.016990132206294865,0.016990132206294865
2024-09-26 06:05:14.643187,0.14441612375350635,0.3851096633426836,0.3465986970084153,0.04332483712605191,0.016990132206294865,0.016990132206294865
2024-09-27 06:05:11.039132,0.14441612375350635,0.3851096633426836,0.3465986970084153,0.04332483712605191,0.016990132206294865,0.016990132206294865
2024-09-28 06:05:10.096254,0.14441612375350635,0.3851096633426836,0.3465986970084153,0.04332483712605191,0.016990132206294865,0.016990132206294865
2024-09-29 06:05:12.608319,0.18728786843739242,0.28093180265608864,0.4013311466515552,0.06019967199773328,0.012579035939824866,0.012579035939824866
2024-09-30 06:05:07.646493,0.18697986497480962,0.28046979746221445,0.4006711392317349,0.07011744936555361,0.004186116380033051,0.016498223380130263
2024-10-02 20:37:04.100708,0.18697986497480962,0.28046979746221445,0.4006711392317349,0.07011744936555361,0.004186116380033051,0.016498223380130263
2024-10-03 06:05:10.982736,0.18697986497480962,0.28046979746221445,0.4006711392317349,0.07011744936555361,0.004186116380033051,0.016498223380130263
2024-10-04 06:05:09.150096,0.18697986497480962,0.28046979746221445,0.4006711392317349,0.07011744936555361,0.004186116380033051,0.016498223380130263
2024-10-05 06:05:08.616655,0.18697986497480962,0.28046979746221445,0.4006711392317349,0.07011744936555361,0.004186116380033051,0.016498223380130263
2024-10-06 07:05:16.855742,0.19697462119919706,0.3046071820687583,0.3790667154633437,0.06092143641375166,0.004243284128321012,0.01672353156455928
2024-10-07 07:05:09.020156,0.20223063651941978,0.312735234331817,0.38918162494626113,0.043782932806454386,0.004356510727010386,0.010810600692951698
2024-10-08 07:05:08.336851,0.20223063651941978,0.312735234331817,0.38918162494626113,0.043782932806454386,0.004356510727010386,0.010810600692951698
2024-10-09 07:05:22.332214,0.20223063651941978,0.312735234331817,0.38918162494626113,0.043782932806454386,0.004356510727010386,0.010810600692951698
2024-10-10 07:05:10.284480,0.20223063651941978,0.312735234331817,0.38918162494626113,0.043782932806454386,0.004356510727010386,0.010810600692951698
2024-10-11 07:05:08.900368,0.20223063651941978,0.312735234331817,0.38918162494626113,0.043782932806454386,0.004356510727010386,0.010810600692951698
2024-10-12 07:05:08.501845,0.20223063651941978,0.312735234331817,0.38918162494626113,0.043782932806454386,0.004356510727010386,0.010810600692951698
2024-10-13 07:05:09.900109,0.20223063651941978,0.312735234331817,0.38918162494626113,0.043782932806454386,0.004356510727010386,0.010810600692951698
2024-10-14 07:05:07.902554,0.20223063651941978,0.312735234331817,0.38918162494626113,0.043782932806454386,0.004356510727010386,0.010810600692951698
2024-10-15 07:05:21.252596,0.20223063651941978,0.312735234331817,0.38918162494626113,0.043782932806454386,0.004356510727010386,0.010810600692951698
2024-10-16 07:07:16.152461,0.20223063651941978,0.312735234331817,0.38918162494626113,0.043782932806454386,0.004356510727010386,0.010810600692951698
2024-10-17 07:05:09.342774,0.20223063651941978,0.312735234331817,0.38918162494626113,0.043782932806454386,0.004356510727010386,0.010810600692951698
2024-10-18 07:05:25.806642,0.20223063651941978,0.312735234331817,0.38918162494626113,0.043782932806454386,0.004356510727010386,0.010810600692951698
2024-10-19 07:05:08.790132,0.20223063651941978,0.312735234331817,0.38918162494626113,0.043782932806454386,0.004356510727010386,0.010810600692951698
2024-10-20 07:05:07.355872,0.2083247678754084,0.3645683437819648,0.31248715181311265,0.0514684720633362,0.0043530548511279375,0.0171561573544454
2024-10-22 07:05:08.337489,0.2342294705429654,0.3903824509049423,0.2702647737034216,0.03818958758852697,0.004369952808637414,0.02142342718380781
2024-10-23 07:05:09.392934,0.23519256547455186,0.3919876091242531,0.2672642789483544,0.03834661393606824,0.00438792099765955,0.02151151513486755
2024-10-24 07:05:07.127772,0.23519256547455186,0.3919876091242531,0.2672642789483544,0.03834661393606824,0.00438792099765955,0.02151151513486755
2024-10-25 07:05:08.994530,0.23519256547455186,0.3919876091242531,0.2672642789483544,0.03834661393606824,0.00438792099765955,0.02151151513486755
2024-10-27 07:05:11.468527,0.24062858181979338,0.4010476363663223,0.2578163376640643,0.034706045454777894,0.004489339213055847,0.02653991711247721
2024-10-28 07:05:11.752949,0.26199081820945486,0.38425320004053376,0.2470199143117717,0.04803165000506672,0.004301341791498512,0.02108706585588295
2024-10-29 07:05:13.855221,0.24075823235549246,0.4012637205924874,0.2579552489523133,0.04299254149205222,0.0035969855431597477,0.013475274199001443
2024-10-30 07:05:09.035602,0.24075823235549246,0.4012637205924874,0.2579552489523133,0.04299254149205222,0.0035969855431597477,0.013475274199001443
2024-10-31 07:05:07.997305,0.24054300108747753,0.4009050018124625,0.25772464402229733,0.04295410733704955,0.004487742557602192,0.013463227672806577
2024-11-01 07:05:10.091544,0.24054300108747753,0.4009050018124625,0.25772464402229733,0.04295410733704955,0.004487742557602192,0.013463227672806577
2024-11-02 07:05:09.778941,0.24054300108747753,0.4009050018124625,0.25772464402229733,0.04295410733704955,0.004487742557602192,0.013463227672806577
2024-11-03 07:05:09.928730,0.3151119262734638,0.3529253574262795,0.21007461751564252,0.05882089290437991,0.004389618873461188,0.017300262618935268
2024-11-04 07:05:11.056743,0.3093060676520527,0.35632058993516474,0.21209558924712185,0.052400086755171285,0.004431848133521949,0.02172686523994907
2024-11-06 07:05:08.552027,0.31876279284772985,0.3570143279894574,0.21250852856515323,0.04462679099868218,0.004440476716286784,0.021769166340820576
2024-11-07 07:05:15.801284,0.31876279284772985,0.3570143279894574,0.21250852856515323,0.04462679099868218,0.004440476716286784,0.021769166340820576
2024-11-08 07:05:08.621857,0.31876279284772985,0.3570143279894574,0.21250852856515323,0.04462679099868218,0.004440476716286784,0.021769166340820576
2024-11-09 07:05:21.032389,0.31876279284772985,0.3570143279894574,0.21250852856515323,0.04462679099868218,0.004440476716286784,0.021769166340820576
2024-11-11 07:05:20.314879,0.3966349811122553,0.27459344846233064,0.21248302559585108,0.05249580632368085,0.011017638364229315,0.011017638364229315
2024-11-12 07:05:09.385424,0.3966349811122553,0.27459344846233064,0.21248302559585108,0.05249580632368085,0.011017638364229315,0.011017638364229315
2024-11-13 07:05:09.109787,0.3966349811122553,0.27459344846233064,0.21248302559585108,0.05249580632368085,0.011017638364229315,0.011017638364229315
2024-11-14 07:05:09.781126,0.3966349811122553,0.27459344846233064,0.21248302559585108,0.05249580632368085,0.011017638364229315,0.011017638364229315
2024-11-15 07:05:08.999715,0.3966349811122553,0.27459344846233064,0.21248302559585108,0.05249580632368085,0.011017638364229315,0.011017638364229315
2024-11-16 07:05:08.325098,0.3966349811122553,0.27459344846233064,0.21248302559585108,0.05249580632368085,0.011017638364229315,0.011017638364229315
2024-11-17 19:00:09.426492,0.3966349811122553,0.27459344846233064,0.21248302559585108,0.05249580632368085,0.011017638364229315,0.011017638364229315
2024-11-18 07:05:10.580765,0.3966349811122553,0.27459344846233064,0.21248302559585108,0.05249580632368085,0.011017638364229315,0.011017638364229315
2024-11-19 07:05:08.776631,0.3966349811122553,0.27459344846233064,0.21248302559585108,0.05249580632368085,0.011017638364229315,0.011017638364229315
2024-11-20 07:05:09.446673,0.3966349811122553,0.27459344846233064,0.21248302559585108,0.05249580632368085,0.011017638364229315,0.011017638364229315
2024-11-21 07:05:08.865040,0.41967080105904564,0.271171902222768,0.20983540052952282,0.051841687189646816,0.010880354101530813,0.010880354101530813
2024-11-22 07:05:09.476893,0.4142355251562298,0.2806111622026073,0.2071177625781149,0.05117027075459309,0.010739439541087439,0.010739439541087439
2024-11-23 07:05:08.836572,0.4142355251562298,0.2806111622026073,0.2071177625781149,0.05117027075459309,0.010739439541087439,0.010739439541087439
2024-11-24 07:05:08.798456,0.46541021273807043,0.1966976187784455,0.21292517232766725,0.06083576352219064,0.012711950586726403,0.016700013515895472
2024-11-25 07:05:21.868774,0.47835467450756003,0.20216837282883024,0.20842596532115118,0.051493473785225584,0.008667218359889456,0.021350952545093536
2024-11-27 07:05:08.709066,0.4953001727202518,0.19674741272028476,0.20283721359019832,0.05011272335757841,0.008434814822562703,0.02077844627021544
2024-11-28 07:05:07.680854,0.4953001727202518,0.19674741272028476,0.20283721359019832,0.05011272335757841,0.008434814822562703,0.02077844627021544
2024-11-29 07:05:09.952065,0.4953001727202518,0.19674741272028476,0.20283721359019832,0.05011272335757841,0.008434814822562703,0.02077844627021544
2024-12-01 07:05:19.231336,0.47693101845072344,0.19395194750329423,0.23274233700395305,0.051340221397930826,0.005780024925594861,0.021287408872312782
2024-12-02 07:05:07.901174,0.564888247454954,0.11523720248081062,0.23047440496162125,0.05083994227094586,0.010670111340815797,0.010670111340815797
2024-12-03 07:05:07.830639,0.564888247454954,0.11523720248081062,0.23047440496162125,0.05083994227094586,0.010670111340815797,0.010670111340815797
2024-12-04 07:05:11.359110,0.564888247454954,0.11523720248081062,0.23047440496162125,0.05083994227094586,0.010670111340815797,0.010670111340815797
2024-12-05 09:23:59.006870,0.5255931573196955,0.12539151038912733,0.25078302077825465,0.06269575519456366,0.004366868521014385,0.013100605563043153
2024-12-07 07:05:08.884396,0.5297616647714924,0.12638599716691318,0.25277199433382636,0.06319299858345659,0.004401502388897474,0.005858953511048956
2024-12-08 07:05:07.357862,0.5338879592318211,0.10811231174444377,0.2661226135247847,0.06177846385396787,0.004302977581868409,0.008563351425302478
2024-12-11 07:05:20.458975,0.5348234190966459,0.08838660715597196,0.22391273812846232,0.12918042584334366,0.004177476457620566,0.0027896105248562584
2024-12-12 07:05:10.157597,0.5348234190966459,0.08838660715597196,0.22391273812846232,0.12918042584334366,0.004177476457620566,0.0027896105248562584
2024-12-13 07:05:07.699475,0.5348234190966459,0.08838660715597196,0.22391273812846232,0.12918042584334366,0.004177476457620566,0.0027896105248562584
2024-12-14 07:05:08.463288,0.5348234190966459,0.08838660715597196,0.22391273812846232,0.12918042584334366,0.004177476457620566,0.0027896105248562584
2024-12-15 07:05:08.279139,0.47944038959041846,0.10995166267940262,0.19634225478464754,0.19044745267794913,0.004102673980574725,0.003285408247392509
2024-12-17 16:26:30.839137,0.5094869273403154,0.06077451204702333,0.2025817068234111,0.2025817068234111,0.0042330505903399335,0.0033898134209495085
2024-12-18 07:05:07.610422,0.5094869273403154,0.06077451204702333,0.2025817068234111,0.2025817068234111,0.0042330505903399335,0.0033898134209495085
2024-12-19 07:05:09.824231,0.5094869273403154,0.06077451204702333,0.2025817068234111,0.2025817068234111,0.0042330505903399335,0.0033898134209495085
2024-12-20 07:05:09.340538,0.5094869273403154,0.06077451204702333,0.2025817068234111,0.2025817068234111,0.0042330505903399335,0.0033898134209495085
2024-12-21 07:05:08.358843,0.5094869273403154,0.06077451204702333,0.2025817068234111,0.2025817068234111,0.0042330505903399335,0.0033898134209495085
2024-12-22 07:05:08.424784,0.5058506788464334,0.027250665602372378,0.24136303819244107,0.20113586516036755,0.0042028389735002175,0.00336562005447627
2024-12-23 07:05:09.273055,0.5998001227023592,0.025579711115247667,0.2174275444796052,0.1338015658336032,0.0043269163080518445,0.0017359484589190032
2024-12-24 07:05:09.682776,0.5998001227023592,0.025579711115247667,0.2174275444796052,0.1338015658336032,0.0043269163080518445,0.0017359484589190032
2024-12-25 07:05:09.195401,0.5998001227023592,0.025579711115247667,0.2174275444796052,0.1338015658336032,0.0043269163080518445,0.0017359484589190032
2024-12-26 07:05:09.632564,0.5951161536896213,0.0331891701096135,0.21572960571248773,0.132756680438454,0.004293126481840552,0.0017223920615767484
2024-12-29 07:05:09.473573,0.6840067873947723,0.01676487224006795,0.21375212106086633,0.06107203458881895,0.004253773553450076,0.0017066037609650005
2024-12-30 07:05:15.384240,0.7121846162994235,0.0251359276340973,0.18991589767984626,0.0502718552681946,0.0017058314162860441,0.0017058314162860441
2025-01-01 07:05:15.665291,0.7269199446251327,0.028138836566134164,0.19384531856670204,0.028138836566134164,0.001741125615868581,0.001741125615868581
2025-01-02 07:05:09.996284,0.7187525753531032,0.025367737953638936,0.2053578786723152,0.027822680336249156,0.0017215630547379717,0.0017215630547379717
2025-01-03 07:12:22.183650,0.7161751768403843,0.02772291007124068,0.20462147909725265,0.02772291007124068,0.0017153896451266688,0.0017153896451266688
2025-01-04 07:05:08.020297,0.7161751768403843,0.02772291007124068,0.20462147909725265,0.02772291007124068,0.0017153896451266688,0.0017153896451266688
2025-01-05 07:05:15.988708,0.7816942948205817,0.03367298500765583,0.1459162683665086,0.013067128510433606,0.0017475002199581868,0.0017475002199581868
2025-01-06 07:05:08.320232,0.7500094300315001,0.03717438044503957,0.17100215004718203,0.016764916671292356,0.0017066082839040121,0.0017066082839040121
2025-01-06 08:39:05.410714,0.7500094300315001,0.03717438044503957,0.17100215004718203,0.016764916671292356,0.0017066082839040121,0.0017066082839040121
2025-01-08 07:05:22.341140,0.7454466266251165,0.03694822410228838,0.16996183087052658,0.01666292459514966,0.0016962258569912828,0.0016962258569912828
2025-01-09 07:05:09.555592,0.7363186577006416,0.03745620997868481,0.17229856590195014,0.016892016264897072,0.0017195465658877257,0.0017195465658877257
2025-01-10 07:05:08.137188,0.7363186577006416,0.03745620997868481,0.17229856590195014,0.016892016264897072,0.0017195465658877257,0.0017195465658877257
2025-01-11 07:05:07.723686,0.7363186577006416,0.03745620997868481,0.17229856590195014,0.016892016264897072,0.0017195465658877257,0.0017195465658877257
2025-01-12 07:05:08.522231,0.7363186577006416,0.03745620997868481,0.17229856590195014,0.016892016264897072,0.0017195465658877257,0.0017195465658877257
2025-01-13 07:05:07.705354,0.7363186577006416,0.03745620997868481,0.17229856590195014,0.016892016264897072,0.0017195465658877257,0.0017195465658877257
2025-01-14 07:05:18.744285,0.7363186577006416,0.03745620997868481,0.17229856590195014,0.016892016264897072,0.0017195465658877257,0.0017195465658877257
2025-01-18 07:05:08.821857,0.6823134559311369,0.03411567279655685,0.22175187317761952,0.013238917801648925,,
2025-01-19 07:05:08.461951,0.736234320178475,0.02598474071218147,0.176696236842834,0.010907175113755184,,
2025-01-20 07:05:07.799625,0.7478434056593563,0.04273390889482036,0.14956868113187125,0.011079161565323795,,
2025-01-22 07:05:07.777385,0.7461161105385792,0.04263520631649023,0.14922322210771582,0.01336327362158649,,
2025-01-23 07:05:08.699107,0.7461161105385792,0.04263520631649023,0.14922322210771582,0.01336327362158649,,
2025-01-24 07:05:10.598644,0.7461161105385792,0.04263520631649023,0.14922322210771582,0.01336327362158649,,
2025-01-25 07:05:14.663034,0.7461161105385792,0.04263520631649023,0.14922322210771582,0.01336327362158649,,
2025-01-26 07:05:07.541338,0.755934251336378,0.04319624293350731,0.15118685026727557,0.006007424513931481,,
2025-01-28 07:05:08.244875,0.7592185545686896,0.04338391740392512,0.16564768463316865,0.006033524936969719,,
2025-01-29 07:05:07.129449,0.7592185545686896,0.04338391740392512,0.16564768463316865,0.006033524936969719,,
2025-01-30 07:05:09.193632,0.7592185545686896,0.04338391740392512,0.16564768463316865,0.006033524936969719,,
2025-01-31 07:05:08.740370,0.7592185545686896,0.04338391740392512,0.16564768463316865,0.006033524936969719,,
2025-02-01 07:05:10.198431,0.7592185545686896,0.04338391740392512,0.16564768463316865,0.006033524936969719,,
2025-02-02 07:05:07.451226,0.7947928772516288,0.03870295750094888,0.13694892654181914,0.004428696629461813,,
2025-02-03 07:05:08.152713,0.7508672638514273,0.011123959464465588,0.2080925442544371,0.004482789634933894,,
2025-02-05 07:05:08.175031,0.7458233981723884,0.013358031012042778,0.20669470619096214,0.008861268097097684,,
2025-02-06 07:05:08.337941,0.7458233981723884,0.013358031012042778,0.20669470619096214,0.008861268097097684,,
2025-02-07 07:05:07.297568,0.7458233981723884,0.013358031012042778,0.20669470619096214,0.008861268097097684,,
2025-02-08 07:05:08.588850,0.7458233981723884,0.013358031012042778,0.20669470619096214,0.008861268097097684,,
2025-02-09 07:05:07.789846,0.7458233981723884,0.013358031012042778,0.20669470619096214,0.008861268097097684,,
2025-02-10 07:05:07.151012,0.7458233981723884,0.013358031012042778,0.20669470619096214,0.008861268097097684,,
2025-02-11 07:05:08.162254,0.7458233981723884,0.013358031012042778,0.20669470619096214,0.008861268097097684,,
2025-02-12 07:05:08.689441,0.7458233981723884,0.013358031012042778,0.20669470619096214,0.008861268097097684,,
2025-02-14 07:05:10.393400,0.7303093861569067,0.01718375026251545,0.219092815847072,0.008676943201864238,,
2025-02-16 07:05:07.281747,0.7171612170137825,0.021339919140410113,0.2333164492684839,0.0034858035249275485,,
2025-02-17 07:05:08.204473,0.7310362303503561,0.021396182351717738,0.21931086910510683,0.0034949939299618615,,
2025-02-18 07:05:07.515623,0.7310362303503561,0.021396182351717738,0.21931086910510683,0.0034949939299618615,,
2025-02-19 07:05:09.616960,0.7310362303503561,0.021396182351717738,0.21931086910510683,0.0034949939299618615,,
2025-02-21 07:05:08.282905,0.7122077748757698,0.02171365167304176,0.23740259162525656,0.0035468514685048293,,
2025-02-23 07:05:08.508440,0.840493918615115,0.013171919620087624,0.13577209454551858,0.0017615142006903606,,
2025-02-23 14:30:44.383703,0.8401671446734902,0.013166798535927832,0.13571930798571766,0.0017608293451240812,,
2025-02-23 14:32:09.197803,0.8401671446734902,0.013166798535927832,0.13571930798571766,0.0017608293451240812,,
2025-02-24 07:05:10.682521,0.9019549173809556,0.0024707807577191068,0.08445577862748947,0.0018543184928191299,,
2025-02-24 18:31:04.013880,0.9019549173809556,0.0024707807577191068,0.08445577862748947,0.0018543184928191299,,
2025-02-24 18:38:07.782835,0.9019549173809556,0.0024707807577191068,0.08445577862748947,0.0018543184928191299,,
2025-02-25 07:05:10.723796,0.9019549173809556,0.0024707807577191068,0.08445577862748947,0.0018543184928191299,,
2025-02-27 15:04:17.123219,0.9445662496421636,0.0025372657237728333,0.041478778788634145,0.00190421539349019,,
2025-03-01 07:05:10.728403,0.9445662496421636,0.0025372657237728333,0.041478778788634145,0.00190421539349019,,
2025-03-02 07:05:08.266294,0.9445662496421636,0.0025372657237728333,0.041478778788634145,0.00190421539349019,,
2025-03-03 07:05:09.145178,0.9445662496421636,0.0025372657237728333,0.041478778788634145,0.00190421539349019,,
2025-03-04 07:05:19.289172,0.9445662496421636,0.0025372657237728333,0.041478778788634145,0.00190421539349019,,
2025-03-05 07:05:08.992322,0.9445662496421636,0.0025372657237728333,0.041478778788634145,0.00190421539349019,,
2025-03-06 07:05:08.005043,0.9445662496421636,0.0025372657237728333,0.041478778788634145,0.00190421539349019,,
2025-03-07 07:05:09.258050,0.9445662496421636,0.0025372657237728333,0.041478778788634145,0.00190421539349019,,
2025-03-08 07:05:08.231488,0.9445662496421636,0.0025372657237728333,0.041478778788634145,0.00190421539349019,,
2025-03-10 07:05:07.113538,0.9622666349581244,0.0025720158726939223,0.02358726751543695,0.0019302953455746803,,
2025-03-12 07:05:09.328904,0.9622666349581244,0.0025720158726939223,0.02358726751543695,0.0019302953455746803,,
2025-03-12 15:29:35.523948,0.9622666349581244,0.0025720158726939223,0.02358726751543695,0.0019302953455746803,,
2025-03-13 20:29:30.210271,0.9622666349581244,0.0025720158726939223,0.02358726751543695,0.0019302953455746803,,
2025-03-14 07:05:10.557589,0.9622666349581244,0.0025720158726939223,0.02358726751543695,0.0019302953455746803,,
2025-03-14 13:48:39.038854,0.9622666349581244,0.0025720158726939223,0.02358726751543695,0.0019302953455746803,,
2025-03-15 07:05:07.496371,0.9622666349581244,0.0025720158726939223,0.02358726751543695,0.0019302953455746803,,
2025-03-15 17:10:11.600089,0.9622666349581244,0.0025720158726939223,0.02358726751543695,0.0019302953455746803,,
2025-03-16 07:05:10.614967,0.9622666349581244,0.0025720158726939223,0.02358726751543695,0.0019302953455746803,,
2025-03-16 17:11:53.793982,0.9622666349581244,0.0025720158726939223,0.02358726751543695,0.0019302953455746803,,
2025-03-16 17:12:36.371200,0.9622666349581244,0.0025720158726939223,0.02358726751543695,0.0019302953455746803,,
2025-03-18 07:05:10.338590,0.9499967558448862,,0.04614269956960876,,,
2025-03-18 17:08:22.682456,0.9499967558448862,,0.04614269956960876,,,
2025-03-18 17:32:19.045615,0.9499967558448862,,0.04614269956960876,,,
2025-03-19 07:05:07.696905,0.9504626991625974,,0.045712729816867775,,,
2025-03-20 07:05:19.016521,0.9504626991625974,,0.045712729816867775,,,
2025-03-20 13:50:00.269119,0.9504626991625974,,0.045712729816867775,,,
2025-03-21 07:05:08.351286,0.9522800957982371,,0.045800137940772354,,,
2025-03-21 10:56:21.082864,0.9522800957982371,,0.045800137940772354,,,
2025-03-21 15:24:36.709690,0.9522800957982371,,0.045800137940772354,,,
2025-03-23 06:19:45.053966,0.9522800957982371,,0.045800137940772354,,,
2025-03-23 12:12:41.384522,0.9522800957982371,,0.045800137940772354,,,
2025-03-23 12:29:31.830665,0.9522800957982371,,0.045800137940772354,,,
2025-03-23 12:35:10.573770,0.9522800957982371,,0.045800137940772354,,,
2025-03-24 18:39:52.559184,0.9522800957982371,,0.045800137940772354,,,
2025-03-24 20:52:55.987829,0.9522800957982371,,0.045800137940772354,,,
2025-03-25 07:08:19.953595,0.9522800957982371,,0.045800137940772354,,,
2025-03-25 09:25:05.499528,0.9522800957982371,,0.045800137940772354,,,
2025-03-25 20:05:08.707789,0.9522800957982371,,0.045800137940772354,,,
2025-03-26 07:05:07.250938,0.9522800957982371,,0.045800137940772354,,,
2025-03-26 20:05:08.909892,0.9507920806696882,,0.04572857149887548,,,
2025-03-27 07:05:08.662272,0.9507920806696882,,0.04572857149887548,,,
2025-03-27 19:47:28.398598,0.9507920806696882,,0.04572857149887548,,,
2025-03-28 07:05:08.573508,0.9507920806696882,,0.04572857149887548,,,
2025-03-28 08:24:24.305459,0.9507920806696882,,0.04572857149887548,,,
2025-03-28 09:47:35.399089,0.9507920806696882,,0.04572857149887548,,,
2025-03-28 10:10:52.203505,0.9507920806696882,,0.04572857149887548,,,
2025-03-28 10:29:01.347141,0.9507920806696882,,0.04572857149887548,,,
2025-03-28 12:00:56.042909,0.9507920806696882,,0.04572857149887548,,,
2025-03-28 13:13:18.569479,0.9507920806696882,,0.04572857149887548,,,
2025-03-28 13:55:29.074059,0.9507920806696882,,0.04572857149887548,,,
2025-03-29 07:05:06.138993,0.9507920806696882,,0.04572857149887548,,,
2025-03-29 11:09:05.906820,0.9507920806696882,,0.04572857149887548,,,
2025-03-30 07:05:06.782366,0.9507920806696882,,0.04572857149887548,,,
2025-03-30 20:09:47.580565,0.9507920806696882,,0.04572857149887548,,,
2025-03-31 07:05:07.738272,0.9507920806696882,,0.04572857149887548,,,
2025-04-01 07:05:07.463310,0.9507920806696882,,0.04572857149887548,,,
2025-04-01 13:16:19.844505,0.9507920806696882,,0.04572857149887548,,,
2025-04-01 15:55:24.449221,0.9507920806696882,,0.04572857149887548,,,
2025-04-01 17:07:53.347547,0.9507920806696882,,0.04572857149887548,,,
2025-04-03 10:49:01.349065,0.9516727190769643,,0.04577092601274923,,,
2025-04-03 15:14:31.430350,0.9516727190769643,,0.04577092601274923,,,
2025-04-03 16:50:12.510919,0.9516727190769643,,0.04577092601274923,,,
2025-04-04 17:50:42.079601,0.9516727190769643,,0.04577092601274923,,,
2025-04-05 07:05:07.101077,0.9516727190769643,,0.04577092601274923,,,
2025-04-05 07:34:02.844400,0.9516727190769643,,0.04577092601274923,,,
2025-04-05 12:31:57.144122,0.9516727190769643,,0.04577092601274923,,,
2025-04-05 12:33:58.088609,0.9516727190769643,,0.04577092601274923,,,
2025-04-05 12:36:42.998954,0.9516727190769643,,0.04577092601274923,,,
2025-04-05 19:11:52.828758,0.9516727190769643,,0.04577092601274923,,,
2025-04-06 07:05:11.241382,0.9686242716754686,,0.028773838658594803,,,
2025-04-06 12:15:43.700972,0.9686242716754686,,0.028773838658594803,,,
2025-04-07 06:11:52.018745,0.9516727190769643,,0.04577092601274923,,,
2025-04-07 06:13:58.057948,0.9516727190769643,,0.04577092601274923,,,
2025-04-07 07:05:07.187067,0.9516727190769643,,0.04577092601274923,,,
2025-04-08 07:05:09.923715,0.9516727190769643,,0.04577092601274923,,,
2025-04-08 08:16:38.137715,0.9516727190769643,,0.04577092601274923,,,
2025-04-08 11:09:10.267934,0.9516727190769643,,0.04577092601274923,,,
2025-04-08 20:22:01.392735,0.9516727190769643,,0.04577092601274923,,,
2025-04-09 05:58:07.113031,0.9516727190769643,,0.04577092601274923,,,
2025-04-09 07:05:07.071216,0.9516727190769643,,0.04577092601274923,,,
2025-04-09 17:42:11.964330,0.9516727190769643,,0.04577092601274923,,,
2025-04-10 06:23:26.295617,0.9516727190769643,,0.04577092601274923,,,
2025-04-10 07:05:08.254083,0.9516727190769643,,0.04577092601274923,,,
2025-04-10 10:22:25.364454,0.9516727190769643,,0.04577092601274923,,,
2025-04-10 14:47:07.614014,0.9516727190769643,,0.04577092601274923,,,
2025-04-11 07:05:07.924708,0.9516727190769643,,0.04577092601274923,,,
2025-04-11 18:01:28.964856,0.9516727190769643,,0.04577092601274923,,,
2025-04-12 07:05:08.610217,0.9516727190769643,,0.04577092601274923,,,
2025-04-13 06:16:10.175230,0.9735344016151476,,0.02386346521032252,,,
2025-04-13 07:05:06.795003,0.9735344016151476,,0.02386346521032252,,,
2025-04-14 05:47:25.623374,0.9851437565592553,,0.012223079942494462,,,
2025-04-14 07:05:07.044559,0.9851437565592553,,0.012223079942494462,,,
2025-04-14 19:11:36.614429,0.9851437565592553,,0.012223079942494462,,,
2025-04-15 07:05:07.169624,0.9851437565592553,,0.012223079942494462,,,
2025-04-15 09:18:27.544163,0.9851437565592553,,0.012223079942494462,,,
2025-04-15 13:03:17.731712,0.9851437565592553,,0.012223079942494462,,,
