tstamp,Oscar Piastri,Lando Norris,Max Verstappen,Charles Leclerc,Lewis Hamilton,George Russell
2025-02-23 14:30:45.282558,0.09106162707373039,0.23755207062712277,0.23415846961816383,0.14900993521155884,0.13659244061059558,0.06304266489719797
2025-02-23 14:32:10.173697,0.09106162707373039,0.23755207062712277,0.23415846961816383,0.14900993521155884,0.13659244061059558,0.06304266489719797
2025-02-24 07:05:11.253017,0.09106162707373039,0.23755207062712277,0.23415846961816383,0.14900993521155884,0.13659244061059558,0.06304266489719797
2025-02-24 18:31:04.890677,0.09202858157863476,0.2400745606399168,0.23664492405934653,0.15059222440140235,0.1274241898781097,0.06371209493905484
2025-02-24 18:38:08.606578,0.09202858157863476,0.2400745606399168,0.23664492405934653,0.15059222440140235,0.1274241898781097,0.06371209493905484
2025-02-25 07:05:11.329187,0.09106162707373039,0.23755207062712277,0.23415846961816383,0.14900993521155884,0.13659244061059558,0.06304266489719797
2025-02-26 07:05:09.463479,0.09392207835831394,0.23830975105840846,0.22176046279046346,0.1506297483105035,0.13305627767427808,0.07603215867101604
2025-03-01 07:05:11.258019,0.09171605308211166,0.3028360243277272,0.1910751105877326,0.1514180121638636,0.11889117992125585,0.05732253317631979
2025-03-02 07:05:08.700058,0.10356594675366959,0.31475924993762333,0.19110383031927125,0.13604001480354905,0.10356594675366959,0.06421088698727515
2025-03-03 07:05:09.756529,0.10664125919106944,0.32410578773756404,0.19220226947227634,0.1271491936508905,0.09445368671209008,0.06611758069846306
2025-03-04 07:05:19.912130,0.10780887314532107,0.3170849210156503,0.19721135331461173,0.12439485362921662,0.09800806649574643,0.06468532388719264
2025-03-05 07:05:09.671573,0.10713221062225081,0.3090352229488004,0.20087289491672028,0.1339152632778135,0.09452842113728013,0.06427932637335049
2025-03-06 07:05:08.621607,0.10477070019066996,0.30814911820785285,0.20678427669211175,0.13096337523833743,0.09822253142875309,0.06286242011440198
2025-03-07 07:05:09.750371,0.10783629996731843,0.3171655881391719,0.1880865697104391,0.12940355996078212,0.10109653121936103,0.06470177998039106
2025-03-08 07:05:08.694411,0.10867120189415867,0.30756000536082645,0.19405571766814048,0.13040544227299042,0.10867120189415867,0.058216715300442146
2025-03-09 07:05:11.536439,0.11787433837217595,0.31136617683216294,0.16839191196025136,0.1398509099330901,0.11001604914736422,0.058937169186087976
2025-03-10 07:05:07.672260,0.11340585141527398,0.31131018035565416,0.17640910220153733,0.13454931523846067,0.11760606813435821,0.05670292570763699
2025-03-11 07:05:09.650700,0.11021792008930051,0.3073384310182418,0.1775733156994286,0.15076979634857146,0.11021792008930051,0.05327199470982858
2025-03-12 07:05:09.815230,0.10961528351498996,0.3056580021091066,0.18481646639155286,0.14449287372430497,0.10961528351498996,0.05676505753454837
2025-03-12 15:29:37.620532,0.10956455420186383,0.3115070658680443,0.19374219950329583,0.1369556927523298,0.10249587328561455,0.056738786997393764
2025-03-13 20:29:30.689684,0.1280841958148952,0.3139318524874882,0.18616888926583602,0.14555022251692634,0.08654337555060486,0.05003288899019343
2025-03-14 07:05:11.126785,0.13349009465383668,0.3140943403619687,0.18203194725523184,0.13809320136603798,0.09422830210859061,0.04449669821794556
2025-03-15 07:05:07.991947,0.13015989793651703,0.3253997448412926,0.1807776360229403,0.1564421850198522,0.09038881801147015,0.05084371013145197
2025-03-16 07:05:11.067803,0.1322045013203092,0.35254533685415784,0.2033915404927834,0.11751511228471928,0.08813633421353946,0.052881800528123676
2025-03-17 07:05:08.255621,0.15428000227698316,0.45761017624528905,0.20249250298854038,0.06479760095633293,0.031152692767467755,0.03521608747626789
2025-03-18 07:05:10.872877,0.1452359097467355,0.4927646937835668,0.19252201989683543,0.04599137141979957,0.03599324719810401,0.0318401802137074
2025-03-18 17:08:23.565585,0.1565430766627709,0.5059014062882229,0.17284964714847617,0.046093239239593645,0.03607296983968198,0.02676381633266728
2025-03-18 17:32:23.228810,0.1565430766627709,0.5059014062882229,0.17284964714847617,0.046093239239593645,0.03607296983968198,0.02676381633266728
2025-03-19 07:05:08.388491,0.14492854211573047,0.5081336080277136,0.17361231607613548,0.0490199480685559,0.03623213552893262,0.032051504506363473
2025-03-20 07:05:19.560022,0.14564914382180186,0.5014865730391382,0.17447553686986683,0.049263680998550635,0.036412285955450464,0.036412285955450464
2025-03-20 13:50:01.669892,0.1445525834046086,0.49771099076437103,0.18069072925576077,0.0488927855633235,0.03613814585115215,0.03613814585115215
2025-03-21 07:05:08.858727,0.14523484953094654,0.5061214453351167,0.1776809329367963,0.0463944658223857,0.036308712382736634,0.03211924556934395
2025-03-21 10:56:21.714957,0.1415150236878934,0.5150072064591057,0.17689377960986677,0.0452061881225215,0.03537875592197335,0.031296591777130275
2025-03-23 06:19:45.745447,0.19960538277602383,0.3899267942601396,0.15524863104801853,0.05988161483280715,0.10161728577688486,0.055889507177286676
2025-03-23 12:12:41.651930,0.19179250772284986,0.41651908242841135,0.15272366355708414,0.0589076988005896,0.09702444508332406,0.04581709906712524
2025-03-23 12:29:32.263396,0.19179250772284986,0.41651908242841135,0.15272366355708414,0.0589076988005896,0.09702444508332406,0.04581709906712524
2025-03-23 12:35:11.732078,0.19179250772284986,0.41651908242841135,0.15272366355708414,0.0589076988005896,0.09702444508332406,0.04581709906712524
2025-03-24 18:39:53.267391,0.25813407939389565,0.46295785978253023,0.13105268646151627,0.025054190058819283,0.037036628782602415,0.0473245812222142
2025-03-24 20:52:56.671320,0.25813407939389565,0.46295785978253023,0.13105268646151627,0.025054190058819283,0.037036628782602415,0.0473245812222142
2025-03-25 07:08:20.408482,0.25299615570287853,0.45622257585764975,0.13914788563658317,0.028789217717913762,0.03629944842693474,0.04638262854552772
2025-03-25 09:25:06.808218,0.255733445567282,0.4611586723344429,0.12983390313415857,0.029100702426621744,0.03669219001617524,0.04688446502066836
2025-03-25 20:05:09.527008,0.2678137369128503,0.45367354340428195,0.12772655145074402,0.028628364980339174,0.036096634105645044,0.04612347691276867
2025-03-26 07:05:07.985602,0.2678137369128503,0.45367354340428195,0.12772655145074402,0.028628364980339174,0.036096634105645044,0.04612347691276867
2025-03-26 20:05:09.499673,0.2678137369128503,0.45367354340428195,0.12772655145074402,0.028628364980339174,0.036096634105645044,0.04612347691276867
2025-03-27 07:05:09.264343,0.2678137369128503,0.45367354340428195,0.12772655145074402,0.028628364980339174,0.036096634105645044,0.04612347691276867
2025-03-27 19:47:29.171102,0.2678137369128503,0.45367354340428195,0.12772655145074402,0.028628364980339174,0.036096634105645044,0.04612347691276867
2025-03-28 07:05:09.121364,0.2660036945049661,0.4456606400083201,0.1309556649870602,0.02935213180744453,0.037009209670256143,0.050071283671523026
2025-03-28 08:24:24.739410,0.2660036945049661,0.4456606400083201,0.1309556649870602,0.02935213180744453,0.037009209670256143,0.050071283671523026
2025-03-28 09:47:36.036243,0.2660036945049661,0.4456606400083201,0.1309556649870602,0.02935213180744453,0.037009209670256143,0.050071283671523026
2025-03-28 10:10:52.910689,0.2660036945049661,0.4456606400083201,0.1309556649870602,0.02935213180744453,0.037009209670256143,0.050071283671523026
2025-03-28 10:29:02.997442,0.2660036945049661,0.4456606400083201,0.1309556649870602,0.02935213180744453,0.037009209670256143,0.050071283671523026
2025-03-28 12:00:56.898674,0.2660036945049661,0.4456606400083201,0.1309556649870602,0.02935213180744453,0.037009209670256143,0.050071283671523026
2025-03-28 13:13:19.229131,0.2660036945049661,0.4456606400083201,0.1309556649870602,0.02935213180744453,0.037009209670256143,0.050071283671523026
2025-03-28 13:55:29.632797,0.2660036945049661,0.4456606400083201,0.1309556649870602,0.02935213180744453,0.037009209670256143,0.050071283671523026
2025-03-29 07:05:06.815243,0.2606740008066098,0.44607315646050866,0.1390261337635252,0.028764027675212113,0.03626768706874571,0.04906804721065596
2025-03-29 11:09:06.498936,0.258791825483896,0.450072739971993,0.13802230692474451,0.028556339363740246,0.03600581919775944,0.04871375538520395
2025-03-30 07:05:07.425673,0.2630145685266447,0.44297190488698046,0.14027443654754382,0.027149890944685902,0.0365933312732723,0.049508624663839
2025-03-30 20:09:48.171139,0.2630145685266447,0.44297190488698046,0.14027443654754382,0.027149890944685902,0.0365933312732723,0.049508624663839
2025-03-31 07:05:09.952882,0.25975697994359437,0.43748543990500105,0.14331419583094862,0.026813623736112967,0.043748543990500106,0.04889543151879423
2025-04-01 07:05:08.050561,0.25975697994359437,0.43748543990500105,0.14331419583094862,0.026813623736112967,0.043748543990500106,0.04889543151879423
2025-04-01 13:16:20.396927,0.25975697994359437,0.43748543990500105,0.14331419583094862,0.026813623736112967,0.043748543990500106,0.04889543151879423
2025-04-01 15:55:24.935753,0.25975697994359437,0.43748543990500105,0.14331419583094862,0.026813623736112967,0.043748543990500106,0.04889543151879423
2025-04-01 17:07:54.252838,0.25975697994359437,0.43748543990500105,0.14331419583094862,0.026813623736112967,0.043748543990500106,0.04889543151879423
2025-04-02 07:05:07.119191,0.2621989476943158,0.44159822769568974,0.1446614883830708,0.02706569782651002,0.04415982276956898,0.03995412536294336
2025-04-03 06:47:42.840644,0.26458757740762634,0.445621183002318,0.1411133746174007,0.027312266054980782,0.04031810703354306,0.04031810703354306
2025-04-03 07:05:09.842718,0.26458757740762634,0.445621183002318,0.1411133746174007,0.027312266054980782,0.04031810703354306,0.04031810703354306
2025-04-03 10:49:01.927764,0.26458757740762634,0.445621183002318,0.1411133746174007,0.027312266054980782,0.04031810703354306,0.04031810703354306
2025-04-03 15:14:32.256171,0.26458757740762634,0.445621183002318,0.1411133746174007,0.027312266054980782,0.04031810703354306,0.04031810703354306
2025-04-03 16:50:13.349708,0.26458757740762634,0.445621183002318,0.1411133746174007,0.027312266054980782,0.04031810703354306,0.04031810703354306
2025-04-04 07:05:09.652641,0.2586435254807015,0.4492229653085868,0.14225393901438582,0.027533020454397258,0.040643982575538806,0.040643982575538806
2025-04-07 06:11:52.793464,0.2273632532228171,0.43587773933907936,0.21570359921139065,0.02051814724205911,0.0323555398817086,0.03657582769236624
2025-04-07 06:13:58.788561,0.2273632532228171,0.43587773933907936,0.21570359921139065,0.02051814724205911,0.0323555398817086,0.03657582769236624
2025-04-07 07:05:08.035249,0.23134086438982487,0.4367148970624246,0.20877102396154934,0.020877102396154933,0.03292158454778278,0.037215704271406615
2025-04-08 07:05:10.581781,0.23201881541536193,0.4448029103817819,0.19964409698531146,0.020938283342361936,0.03301806219372459,0.037324765958123444
2025-04-08 08:16:39.276545,0.23201881541536193,0.4448029103817819,0.19964409698531146,0.020938283342361936,0.03301806219372459,0.037324765958123444
2025-04-08 11:09:10.901961,0.23201881541536193,0.4448029103817819,0.19964409698531146,0.020938283342361936,0.03301806219372459,0.037324765958123444
2025-04-08 20:22:02.280860,0.22859597760116254,0.4382409933286535,0.21145127928107538,0.02062939310059272,0.03253096604324237,0.036774135527143544
2025-04-09 05:58:08.161251,0.23092114770089628,0.44269857331259904,0.20343053487936102,0.02083922552422723,0.032861855634358325,0.03714818463014419
2025-04-09 07:05:07.598059,0.23092114770089628,0.44269857331259904,0.20343053487936102,0.02083922552422723,0.032861855634358325,0.03714818463014419
2025-04-09 17:42:12.485025,0.23092114770089628,0.44269857331259904,0.20343053487936102,0.02083922552422723,0.032861855634358325,0.03714818463014419
2025-04-10 06:23:26.897300,0.23092114770089628,0.44269857331259904,0.20343053487936102,0.02083922552422723,0.032861855634358325,0.03714818463014419
2025-04-10 07:05:08.933651,0.23092114770089628,0.44269857331259904,0.20343053487936102,0.02083922552422723,0.032861855634358325,0.03714818463014419
2025-04-10 10:22:25.904956,0.23092114770089628,0.44269857331259904,0.20343053487936102,0.02083922552422723,0.032861855634358325,0.03714818463014419
2025-04-10 14:47:08.121975,0.23092114770089628,0.44269857331259904,0.20343053487936102,0.02083922552422723,0.032861855634358325,0.03714818463014419
2025-04-11 07:05:08.349490,0.22621897924346815,0.44540524410631027,0.20467431455361404,0.020966637100614124,0.033062773889429964,0.037375309614138215
2025-04-11 18:01:29.412562,0.22985967757074868,0.4260813535457781,0.21836669369221126,0.021304067677288905,0.03359487595264789,0.03797681629429761
2025-04-12 07:05:09.114527,0.24367835008106373,0.454427193394416,0.21017257694491745,0.01648412368195431,0.01648412368195431,0.024726185522931463
2025-04-13 06:16:10.646343,0.36266788369438474,0.37072716999870436,0.16041079471097786,0.01635561044111931,0.01635561044111931,0.0397207682141469
2025-04-13 07:05:07.431082,0.36848089991671235,0.36064088076954826,0.16298193650162274,0.01661776607467526,0.01661776607467526,0.04035743189563992
2025-04-14 05:47:26.011395,0.42403687395344847,0.42403687395344847,0.06621498877888465,0.012123871184866204,0.006831705191472226,0.04099023114883335
2025-04-14 07:05:07.456065,0.4097742053621412,0.3911481051184075,0.08605258312604966,0.0209884349087926,0.0209884349087926,0.04529083322423666
2025-04-14 19:11:37.125770,0.440692965903473,0.3562268141053073,0.08549443538527376,0.020852301313481404,0.020852301313481404,0.050290844344278676
2025-04-15 06:47:20.874404,0.4295473992191922,0.36332550850623346,0.08719812204149603,0.021267834644267323,0.021267834644267323,0.051293012965585895
2025-04-15 07:05:08.815642,0.4295473992191922,0.36332550850623346,0.08719812204149603,0.021267834644267323,0.021267834644267323,0.051293012965585895
2025-04-15 09:18:27.978023,0.40713659699143767,0.35502311257653374,0.09861753127125936,0.026104640630627476,0.02164775076686181,0.06339698438866673
2025-04-15 13:03:18.159761,0.41692375539926646,0.33854208938420444,0.0940394692733901,0.032552123979250426,0.020642810328305148,0.07052960195504258
2025-04-15 17:01:01.983950,0.42672930094633593,0.33284885473814196,0.09245801520503943,0.03200469757097519,0.02029566187427695,0.06934351140377958
2025-04-15 17:03:26.112373,0.42672930094633593,0.33284885473814196,0.09245801520503943,0.03200469757097519,0.02029566187427695,0.06934351140377958
2025-04-16 06:28:53.249314,0.4182483087217315,0.33459864697738523,0.09841136675805448,0.03217294682474858,0.020402356523011294,0.06970805145362191
2025-04-16 07:05:08.724523,0.4182483087217315,0.33459864697738523,0.09841136675805448,0.03217294682474858,0.020402356523011294,0.06970805145362191
2025-04-16 08:40:40.956041,0.4182483087217315,0.33459864697738523,0.09841136675805448,0.03217294682474858,0.020402356523011294,0.06970805145362191
2025-04-16 11:01:51.175335,0.4182483087217315,0.33459864697738523,0.09841136675805448,0.03217294682474858,0.020402356523011294,0.06970805145362191
2025-04-16 13:41:18.384110,0.4182483087217315,0.33459864697738523,0.09841136675805448,0.03217294682474858,0.020402356523011294,0.06970805145362191
2025-04-16 13:45:25.934760,0.4182483087217315,0.33459864697738523,0.09841136675805448,0.03217294682474858,0.020402356523011294,0.06970805145362191
2025-04-16 16:26:47.446636,0.4182483087217315,0.33459864697738523,0.09841136675805448,0.03217294682474858,0.020402356523011294,0.06970805145362191
2025-04-17 06:14:34.454402,0.4182483087217315,0.33459864697738523,0.09841136675805448,0.03217294682474858,0.020402356523011294,0.06970805145362191
2025-04-17 07:05:10.533934,0.4182483087217315,0.33459864697738523,0.09841136675805448,0.03217294682474858,0.020402356523011294,0.06970805145362191
2025-04-17 07:58:28.381002,0.4182483087217315,0.33459864697738523,0.09841136675805448,0.03217294682474858,0.020402356523011294,0.06970805145362191
2025-04-17 10:17:50.048704,0.4182483087217315,0.33459864697738523,0.09841136675805448,0.03217294682474858,0.020402356523011294,0.06970805145362191
2025-04-17 20:32:06.091772,0.4182483087217315,0.33459864697738523,0.09841136675805448,0.03217294682474858,0.020402356523011294,0.06970805145362191
2025-04-18 07:05:07.550381,0.4182483087217315,0.33459864697738523,0.09841136675805448,0.03217294682474858,0.020402356523011294,0.06970805145362191
2025-04-20 07:05:09.944469,0.45520114699558545,0.2775980765284554,0.1539407515294162,0.016601453596309587,0.01263692736435506,0.0564449422274526
2025-04-20 11:41:29.124530,0.4418031974244557,0.26094001347881907,0.18555734291827133,0.016372706728082765,0.012462806613913748,0.05566720287548141
2025-04-21 07:05:06.767751,0.43681186282915574,0.312008473449397,0.17129876973692384,0.008649739858003085,0.003480572612184508,0.04160112979325293
2025-04-21 08:00:11.057042,0.4392160581240636,0.3082217951747815,0.17224159142120143,0.008697347685625023,0.0034997295468052877,0.04183010077372034
2025-04-21 16:29:28.418966,0.45058673948059663,0.30197216575717173,0.1687491514525372,0.008520996756514253,0.0034287676191551374,0.040981936781330455
2025-04-22 07:05:06.803547,0.4420894995942796,0.310238245329319,0.1668262262619923,0.008754247516718407,0.0035226254947751364,0.042103761866121865
2025-04-22 19:16:41.201054,0.4420894995942796,0.310238245329319,0.1668262262619923,0.008754247516718407,0.0035226254947751364,0.042103761866121865
2025-04-23 07:05:08.942677,0.42915832404584203,0.3121151447606124,0.17516666287585386,0.008498184634571129,0.008498184634571129,0.04087222133769924
2025-04-23 18:24:35.009076,0.425514800319477,0.3141072889631049,0.1762847029894976,0.008552426184638995,0.008552426184638995,0.041133097364216116
2025-04-24 07:05:08.160165,0.425514800319477,0.3141072889631049,0.1762847029894976,0.008552426184638995,0.008552426184638995,0.041133097364216116
2025-04-24 07:56:47.668825,0.425514800319477,0.3141072889631049,0.1762847029894976,0.008552426184638995,0.008552426184638995,0.041133097364216116
2025-04-24 14:09:26.384075,0.425514800319477,0.3141072889631049,0.1762847029894976,0.008552426184638995,0.008552426184638995,0.041133097364216116
2025-04-25 07:05:07.109614,0.4352750297072668,0.30624707447261273,0.1749983282700644,0.00849001790617144,0.00849001790617144,0.04083294326301502
2025-04-26 07:05:10.341606,0.4279150006904327,0.31023837550056377,0.17727907171460783,0.008600667835659192,0.008600667835659192,0.041365116733408494
2025-04-26 17:27:19.041341,0.4325422839841759,0.3027795987889232,0.17919608907915857,0.008693671648394822,0.008693671648394822,0.041812420785137
2025-04-27 07:05:06.461589,0.42658006357593253,0.3059608731854965,0.18107888413019177,0.00878501517067267,0.00878501517067267,0.04225173963037808
2025-04-27 16:37:02.084860,0.42658006357593253,0.3059608731854965,0.18107888413019177,0.00878501517067267,0.00878501517067267,0.04225173963037808
2025-04-28 07:05:05.786427,0.42551665884333323,0.3115389823674404,0.17802227563853734,0.008636724263651812,0.008636724263651812,0.04153853098232538
2025-04-28 14:31:52.813155,0.4204003255955519,0.3122973847281243,0.1821734744247392,0.008657749279591564,0.008657749279591564,0.04163965129708324
2025-04-29 07:05:05.585228,0.42998569359580974,0.30713263828272125,0.17916070566492073,0.008514568190016034,0.008514568190016034,0.04095101843769616
2025-04-29 08:45:20.926118,0.4286649347863095,0.30532976056709066,0.1812895453367101,0.008615740768477312,0.008615740768477312,0.04143761036267659
2025-04-29 08:46:25.092035,0.4286649347863095,0.30532976056709066,0.1812895453367101,0.008615740768477312,0.008615740768477312,0.04143761036267659
2025-04-29 08:47:57.116080,0.4286649347863095,0.30532976056709066,0.1812895453367101,0.008615740768477312,0.008615740768477312,0.04143761036267659
2025-04-29 17:05:37.608649,0.4286649347863095,0.30532976056709066,0.1812895453367101,0.008615740768477312,0.008615740768477312,0.04143761036267659
2025-04-29 20:32:13.716193,0.42395777385605404,0.3129579203373781,0.1792988085266229,0.008521131494334554,0.008521131494334554,0.04098258480608523
2025-04-30 07:00:32.360310,0.4107797579196333,0.32552358174763396,0.17971614408983957,0.008540965263675544,0.008540965263675544,0.04107797579196333
2025-04-30 07:05:05.554919,0.4107797579196333,0.32552358174763396,0.17971614408983957,0.008540965263675544,0.008540965263675544,0.04107797579196333
2025-04-30 19:45:20.585211,0.40822424602115187,0.3297195833247765,0.17859810763425396,0.008487830857865534,0.008487830857865534,0.04082242460211519
2025-05-01 07:05:05.426514,0.40822424602115187,0.3297195833247765,0.17859810763425396,0.008487830857865534,0.008487830857865534,0.04082242460211519
2025-05-01 10:27:21.810743,0.40822424602115187,0.3297195833247765,0.17859810763425396,0.008487830857865534,0.008487830857865534,0.04082242460211519
2025-05-02 07:05:05.223668,0.4197766012023603,0.3264929120462803,0.16791064048094412,0.008728028341831255,0.008728028341831255,0.04197766012023603
2025-05-04 11:59:26.223694,0.40836300969112627,0.3266904077529011,0.17314591610903757,0.016975089814611526,0.012193374373875885,0.0332972915594303
2025-05-04 12:03:02.642053,0.40836300969112627,0.3266904077529011,0.17314591610903757,0.016975089814611526,0.012193374373875885,0.0332972915594303
2025-05-04 17:52:31.296263,0.35147261527555207,0.3581041740543361,0.18979521224879814,0.018607373749882167,0.013365860017520995,0.036499079278615024
2025-05-04 20:23:39.658372,0.35147261527555207,0.3581041740543361,0.18979521224879814,0.018607373749882167,0.013365860017520995,0.036499079278615024
2025-05-04 20:25:10.799872,0.35147261527555207,0.3581041740543361,0.18979521224879814,0.018607373749882167,0.013365860017520995,0.036499079278615024
2025-05-06 06:34:03.653614,0.4986244147646744,0.3152018621905263,0.09806280157038595,0.012430495973710896,0.007004485826456139,0.028469845617208826
2025-05-06 07:05:07.519078,0.5028979871822535,0.31251517774897186,0.09722694418856902,0.012324542221086214,0.00694478172775493,0.028227177345068424
2025-05-06 08:25:35.461021,0.5028979871822535,0.31251517774897186,0.09722694418856902,0.012324542221086214,0.00694478172775493,0.028227177345068424
2025-05-06 16:57:04.857239,0.5028979871822535,0.31251517774897186,0.09722694418856902,0.012324542221086214,0.00694478172775493,0.028227177345068424
2025-05-06 16:58:12.895162,0.5028979871822535,0.31251517774897186,0.09722694418856902,0.012324542221086214,0.00694478172775493,0.028227177345068424
2025-05-06 20:41:00.702930,0.505670437827165,0.30872510941026915,0.0977629513132519,0.012392486786186862,0.0069830679509465645,0.028382792316750553
2025-05-07 07:05:06.159897,0.4972159856359367,0.316087305154274,0.09833827271466303,0.01246541485115447,0.007024162336761645,0.028549821110708622
2025-05-07 18:17:03.534987,0.5023452675230516,0.31396579220190735,0.0976782464628156,0.012381749551624514,0.006977017604486829,0.028358200585978724
2025-05-08 07:05:06.835432,0.4945537921681293,0.30909612010508086,0.11167343694119049,0.012189706144989104,0.006868802669001796,0.027918359235297622
2025-05-08 19:03:43.076832,0.4860498605043829,0.32097632297459255,0.1097531943074413,0.011980102195530565,0.006750692507005318,0.027438298576860327
2025-05-09 06:31:51.109209,0.4860498605043829,0.32097632297459255,0.1097531943074413,0.011980102195530565,0.006750692507005318,0.027438298576860327
2025-05-09 07:05:05.553190,0.4860498605043829,0.32097632297459255,0.1097531943074413,0.011980102195530565,0.006750692507005318,0.027438298576860327
2025-05-09 10:08:53.524585,0.49080284699552507,0.32411508763855434,0.10104764496966694,0.012097253271016465,0.006816706208271182,0.027706612330392545
2025-05-09 12:36:35.510538,0.49080284699552507,0.32411508763855434,0.10104764496966694,0.012097253271016465,0.006816706208271182,0.027706612330392545
2025-05-09 15:37:16.854841,0.49080284699552507,0.32411508763855434,0.10104764496966694,0.012097253271016465,0.006816706208271182,0.027706612330392545
2025-05-10 07:05:05.661315,0.49080284699552507,0.32411508763855434,0.10104764496966694,0.012097253271016465,0.006816706208271182,0.027706612330392545
2025-05-11 07:05:06.837188,0.4895183170958011,0.322719483122417,0.10251089463888541,0.012272431048317267,0.006915417495480364,0.028107825949371806
2025-05-12 07:05:07.243808,0.48180488301577223,0.3236274308558772,0.11065970216362252,0.012079051996733444,0.006806449934667258,0.02766492554090563
2025-05-12 18:59:41.181698,0.48180488301577223,0.3236274308558772,0.11065970216362252,0.012079051996733444,0.006806449934667258,0.02766492554090563
2025-05-13 07:05:05.956917,0.48941012589583716,0.32083552697615986,0.10500071791947052,0.012200787645572277,0.0068750470066319975,0.0279437394463107
2025-05-13 20:30:56.235062,0.48941012589583716,0.32083552697615986,0.10500071791947052,0.012200787645572277,0.0068750470066319975,0.0279437394463107
2025-05-13 20:34:56.964344,0.48941012589583716,0.32083552697615986,0.10500071791947052,0.012200787645572277,0.0068750470066319975,0.0279437394463107
2025-05-14 07:05:06.990624,0.5047575970222807,0.3028545582133685,0.1064579659174265,0.012370115758010825,0.00697046205411721,0.028331555445766727
2025-05-15 07:05:06.003763,0.49486179851111506,0.3021261506699439,0.11876683164266762,0.012127599005765356,0.006833805788963017,0.0277761138519142
2025-05-16 07:05:07.698647,0.495708897496693,0.2974253384980158,0.12102134463022711,0.012357813360128825,0.006963529750548782,0.028303378986101503
2025-05-17 07:05:04.814568,0.4852132811768559,0.31230091188473996,0.11845896657697033,0.012096162080042746,0.006816091330817737,0.02770411315106564
2025-05-18 07:05:05.354261,0.5444113868963362,0.26466768962960346,0.1075212489120264,0.012115070299946636,0.00851653456728922,0.025299117391065034
2025-05-18 18:02:07.895223,0.5459857215650846,0.26375310241759464,0.10714969785714781,0.012073205392354684,0.008487104780764183,0.025211693613446544
2025-05-19 05:49:59.397273,0.4807937387658057,0.262251130235894,0.20363028935963537,0.0038293306627365056,0.0038293306627365056,0.0211080177994744
2025-05-19 07:05:08.139685,0.4589081349019654,0.26817444133333607,0.22004056724786553,0.0037971602312684752,0.0037971602312684752,0.020930688104065256
2025-05-20 07:05:06.732810,0.45157962101156734,0.23677417966552441,0.25766601904777664,0.0038763914370019492,0.0038763914370019492,0.021367425969815623
2025-05-20 18:26:03.169517,0.4477821030120093,0.23841371430639413,0.2594502185098995,0.003903233375812648,0.003903233375812648,0.02151538397399167
2025-05-20 19:12:28.399839,0.4477821030120093,0.23841371430639413,0.2594502185098995,0.003903233375812648,0.003903233375812648,0.02151538397399167
2025-05-20 19:13:22.938558,0.4477821030120093,0.23841371430639413,0.2594502185098995,0.003903233375812648,0.003903233375812648,0.02151538397399167
2025-05-20 20:14:54.249734,0.45157962101156734,0.23677417966552441,0.25766601904777664,0.0038763914370019492,0.0038763914370019492,0.021367425969815623
2025-05-21 07:05:05.126862,0.4544110103326858,0.23198877895931852,0.25928157648394423,0.003900696283386772,0.003900696283386772,0.021501399025497817
2025-05-22 07:05:06.732755,0.4581771582054799,0.2321430934907765,0.2560401766442388,0.003851931861019521,0.003851931861019521,0.02123260001440029
2025-05-23 07:05:05.351920,0.4564329020730467,0.23125933705034368,0.25887239222053393,0.003837267760791101,0.003837267760791101,0.021151768632653386
2025-05-25 07:05:07.084345,0.41735344901780824,0.26829864579716245,0.2537960162946131,0.013225989581550263,0.00745274016103229,0.013225989581550263
2025-05-26 06:11:50.908692,0.40033711224167556,0.33874678728141777,0.22018541173292158,0.006990013070886399,0.0038970869333260455,0.006990013070886399
2025-05-26 07:05:06.207831,0.40033711224167556,0.33874678728141777,0.22018541173292158,0.006990013070886399,0.0038970869333260455,0.006990013070886399
2025-05-27 07:05:05.494499,0.37863982681786945,0.3631851400089768,0.21702526659073007,0.007061933277952327,0.003937184039920324,0.007061933277952327
2025-05-28 07:05:06.333734,0.37863982681786945,0.3631851400089768,0.21702526659073007,0.007061933277952327,0.003937184039920324,0.007061933277952327
2025-05-29 07:05:05.910092,0.37579641693661947,0.3679673249171066,0.21539550726855022,0.007008901426992506,0.003907617609739185,0.007008901426992506
2025-05-30 07:05:05.867614,0.3744721388301558,0.35918756173504734,0.22564346826945286,0.006984202589292588,0.003893847461287018,0.006984202589292588
2025-05-31 07:05:05.550244,0.3658172396780578,0.37360058520312284,0.2141369207871558,0.009647927200300424,0.0043679670409320324,0.009647927200300424
2025-06-02 07:05:05.903250,0.5426924429197182,0.2994165202315687,0.10853848858394365,0.01295981953241118,0.004319939844137061,0.009541845150236804
2025-06-02 08:29:01.210246,0.5426924429197182,0.2994165202315687,0.10853848858394365,0.01295981953241118,0.004319939844137061,0.009541845150236804
2025-06-02 08:31:40.257239,0.5426924429197182,0.2994165202315687,0.10853848858394365,0.01295981953241118,0.004319939844137061,0.009541845150236804
2025-06-03 07:05:07.768749,0.5461795904042994,0.3013404636713376,0.10281027584080929,0.013043094696222075,0.004347698232074025,0.009603157633482188
2025-06-04 07:05:06.762707,0.5606161373554944,0.3035059778096987,0.09027357288698729,0.00871452807572402,0.004378941968398637,0.009672168523605782
2025-06-05 07:05:06.253235,0.5607644688252154,0.298440751205284,0.09517840173573924,0.008716833822332553,0.0043801005773909845,0.009674727648962505
2025-06-06 07:05:06.887135,0.5635149535757554,0.2999045685131986,0.09074035662707033,0.008759588882316196,0.004401584463253412,0.009722181067186109
2025-06-07 07:05:06.588890,0.5577310999855047,0.2968263820261838,0.10007289451168482,0.00866968145522022,0.004356407099389265,0.009622393703046617
2025-06-08 07:05:08.306988,0.5663057380009818,0.2915081995611611,0.09611891985530176,0.008802970382787536,0.004423383127669359,0.009770329765511444
2025-06-09 07:05:06.396234,0.5710380165582675,0.28832739196712526,0.09507011302699805,0.008706916292076554,0.004375117141789711,0.009663720280216835
2025-06-09 10:48:55.340127,0.5710380165582675,0.28832739196712526,0.09507011302699805,0.008706916292076554,0.004375117141789711,0.009663720280216835
2025-06-10 07:05:06.061797,0.5710380165582675,0.28832739196712526,0.09507011302699805,0.008706916292076554,0.004375117141789711,0.009663720280216835
2025-06-11 07:05:07.211345,0.5678744251329316,0.2904538043302864,0.09577125440079713,0.00877112973472647,0.004407383598046634,0.009734990145135973
2025-06-12 07:05:05.210899,0.5647835662412812,0.2888729060119341,0.10069284152415987,0.008723389736003949,0.004383394842469646,0.009682003992707681
2025-06-13 07:05:07.210358,0.5731705967220676,0.280216736175233,0.10087802502308389,0.008739432860910733,0.00439145631319395,0.009699810098373451
2025-06-16 18:14:02.895699,0.5844338363029765,0.21809360232769612,0.149030628257259,0.0059217468181692315,0.0017847979432007064,0.017533015089089294
2025-06-16 18:16:34.437303,0.5844338363029765,0.21809360232769612,0.149030628257259,0.0059217468181692315,0.0017847979432007064,0.017533015089089294
2025-06-17 07:05:06.424330,0.590853145452361,0.21472467968878486,0.14672853112066964,0.005830272759761708,0.0017572279176128098,0.017262180131843486
2025-06-18 07:05:06.189082,0.6022141123237249,0.21112918290878824,0.13804600420959232,0.005942377664651325,0.0017910160226793414,0.017594098575732353
2025-06-18 18:24:17.221659,0.5827603243943172,0.21965581457939656,0.14277627947660773,0.0056732296480771285,0.0017098955625941045,0.02519581402528372
2025-06-19 07:05:07.246126,0.5827184744955474,0.22561664012519914,0.13536998407511946,0.005827184744955473,0.001756297198579394,0.025879555779066955
2025-06-19 12:42:18.595053,0.5859570047314994,0.2238656248845985,0.1343193749307591,0.005781959848012808,0.0017426665410178322,0.025678704030880413
2025-06-20 07:05:06.507267,0.5811125966754772,0.22648490947351935,0.13589094568411159,0.0058496102446803,0.0017630561815303897,0.025979151380786037
2025-06-21 07:05:06.164246,0.5765042608403879,0.22468884012240758,0.13481330407344452,0.005803221698525758,0.0017490748033480825,0.03370332601836113
2025-06-22 07:05:08.291802,0.5731807173420622,0.22339351034870117,0.14520578172665574,0.0057697661613240695,0.0017389913979240206,0.028104344850320467
2025-06-23 07:05:07.189926,0.5876259600402668,0.21641834138068364,0.1478858666101338,0.005876259600402668,0.0017710882228758537,0.017398337248251034
2025-06-24 07:05:06.114482,0.6003084070415072,0.22108919381284778,0.1294950992332394,0.006003084070415072,0.0018093127637378757,0.01777383714966031
2025-06-25 07:05:07.810755,0.5877890476438217,0.22757986203645406,0.13654791722187243,0.005877890476438216,0.00177157976435563,0.01740316592043472
2025-06-25 14:29:18.570831,0.5877890476438217,0.22757986203645406,0.13654791722187243,0.005877890476438216,0.00177157976435563,0.01740316592043472
2025-06-26 07:05:06.118272,0.5923822086066947,0.22783931100257493,0.1316404908014877,0.005884591476225444,0.0017735994269661517,0.017423006135491022
2025-06-28 06:13:51.075752,0.5668317205177829,0.2409034812200577,0.1445420887320346,0.005743394254253031,0.0024708049355903353,0.017004951615533483
2025-06-28 07:05:06.924767,0.5629569125177138,0.2460925931863149,0.14355401269201704,0.005704132954649684,0.0024539147468720865,0.016888707375531418
2025-06-29 07:05:05.388306,0.5754827821686307,0.2709195866824631,0.1067258977840006,0.005002776458625028,0.0017574623886586925,0.017264483465058923
2025-06-30 05:39:06.465904,0.5397712290550324,0.3540899262601013,0.05901498771001688,0.005029686452558257,0.001766915799701104,0.017357349326475553
2025-06-30 07:05:05.761120,0.5428178190269568,0.3517459467294681,0.05862432445491134,0.004996391288770853,0.0017552192950572258,0.01724244836909157
2025-06-30 20:44:23.037894,0.5367586464677406,0.35640774125457975,0.05940129020909662,0.005062609961002553,0.0017784817427873238,0.01747096770855783
2025-07-01 06:33:48.451010,0.5358986512204703,0.35872399510268216,0.05859158586677143,0.004993601068190747,0.0017542390978075276,0.01723281937257983
2025-07-01 07:05:05.605962,0.5358986512204703,0.35872399510268216,0.05859158586677143,0.004993601068190747,0.0017542390978075276,0.01723281937257983
2025-07-02 07:05:06.770023,0.5440000096697146,0.3552653124373646,0.05440000096697146,0.004945454633361042,0.001737325380182721,0.017066666970030262
2025-07-03 07:05:09.473568,0.5420364001117388,0.3577440240737476,0.05260941530496289,0.0050815912510475516,0.0017851498207272834,0.01753647176832096
2025-07-04 07:05:05.766388,0.5411373929902654,0.36002202064250305,0.05188552650436074,0.005011670173716663,0.0017605867276928794,0.01729517550145358
2025-07-05 07:05:07.681373,0.543740981841645,0.37382192501613093,0.05981150800258095,0.004463545373326936,0.002980639933683436,0.01339063611998081
2025-07-06 07:05:06.805423,0.5617886725874293,0.3521982831990422,0.06540825259410783,0.004051838656272167,0.0018277755215918355,0.012897401919964926
2025-07-07 09:29:01.309024,0.538602148610197,0.39341374333266577,0.047623768929743744,0.004003768184358988,0.0018060910372557507,0.012744388868522975
2025-07-07 19:55:05.100824,0.538602148610197,0.39341374333266577,0.047623768929743744,0.004003768184358988,0.0018060910372557507,0.012744388868522975
2025-07-07 19:56:52.438474,0.538602148610197,0.39341374333266577,0.047623768929743744,0.004003768184358988,0.0018060910372557507,0.012744388868522975
2025-07-08 07:05:05.893980,0.5324570709960867,0.3999344222148385,0.0473606552622835,0.003981648008776047,0.001796112674617538,0.012673978168780093
2025-07-09 07:05:06.551928,0.5348696210659508,0.4017465153784252,0.04304426950483127,0.003999688759298481,0.0018042508175677779,0.012731403656358546
2025-07-09 07:12:16.271676,0.5348696210659508,0.4017465153784252,0.04304426950483127,0.003999688759298481,0.0018042508175677779,0.012731403656358546
2025-07-09 07:13:33.406461,0.5348696210659508,0.4017465153784252,0.04304426950483127,0.003999688759298481,0.0018042508175677779,0.012731403656358546
2025-07-10 07:05:06.648695,0.5348696210659508,0.4017465153784252,0.04304426950483127,0.003999688759298481,0.0018042508175677779,0.012731403656358546
2025-07-11 07:05:06.722560,0.5348696210659508,0.4017465153784252,0.04304426950483127,0.003999688759298481,0.0018042508175677779,0.012731403656358546
2025-07-12 07:05:07.532631,0.5256448500876723,0.41095870097763465,0.04305281629289506,0.00400048292987078,0.0018046090661692539,0.012733931579588681
2025-07-13 07:05:06.504410,0.5357116409603306,0.40237896587687055,0.043112032058236126,0.004005985279747605,0.001807091164117682,0.011177193496579738
2025-07-14 07:05:06.035041,0.5357116409603306,0.40237896587687055,0.043112032058236126,0.004005985279747605,0.001807091164117682,0.011177193496579738
2025-07-14 08:30:04.913571,0.5357116409603306,0.40237896587687055,0.043112032058236126,0.004005985279747605,0.001807091164117682,0.011177193496579738
2025-07-14 09:14:45.369136,0.5357116409603306,0.40237896587687055,0.043112032058236126,0.004005985279747605,0.001807091164117682,0.011177193496579738
2025-07-14 11:40:14.130206,0.5357116409603306,0.40237896587687055,0.043112032058236126,0.004005985279747605,0.001807091164117682,0.011177193496579738
2025-07-15 07:05:06.876296,0.5357116409603306,0.40237896587687055,0.043112032058236126,0.004005985279747605,0.001807091164117682,0.011177193496579738
2025-07-16 07:05:08.932535,0.5357116409603306,0.40237896587687055,0.043112032058236126,0.004005985279747605,0.001807091164117682,0.011177193496579738
2025-07-16 08:41:29.516711,0.5357116409603306,0.40237896587687055,0.043112032058236126,0.004005985279747605,0.001807091164117682,0.011177193496579738
2025-07-17 07:05:08.671772,0.5357116409603306,0.40237896587687055,0.043112032058236126,0.004005985279747605,0.001807091164117682,0.011177193496579738
2025-07-17 12:48:23.231271,0.5386713907362662,0.3998138766798064,0.0428372010728364,0.003980447887298958,0.0017955713024542202,0.01110594101888351
2025-07-18 07:05:06.536927,0.5362533284565745,0.3980191371211019,0.04713384518539364,0.003962579904966722,0.0017875110948552479,0.01105608714225283
2025-07-19 06:58:05.241441,0.5354195755713372,0.3974003072018369,0.047060562694954365,0.003956418987628907,0.0017847319185711236,0.012593671707100466
2025-07-19 07:05:06.664385,0.5354195755713372,0.3974003072018369,0.047060562694954365,0.003956418987628907,0.0017847319185711236,0.012593671707100466
2025-07-20 07:05:06.319144,0.5369132245158097,0.3961226456427751,0.04690926066822337,0.003943698905735593,0.0017789939175573732,0.012553182432341466
2025-07-21 06:08:38.178495,0.5369132245158097,0.3961226456427751,0.04690926066822337,0.003943698905735593,0.0017789939175573732,0.012553182432341466
2025-07-21 07:05:07.231113,0.5369132245158097,0.3961226456427751,0.04690926066822337,0.003943698905735593,0.0017789939175573732,0.012553182432341466
2025-07-21 10:13:48.130930,0.5369132245158097,0.3961226456427751,0.04690926066822337,0.003943698905735593,0.0017789939175573732,0.012553182432341466
2025-07-22 07:05:08.632414,0.5369132245158097,0.3961226456427751,0.04690926066822337,0.003943698905735593,0.0017789939175573732,0.012553182432341466
2025-07-23 07:05:06.758598,0.5369132245158097,0.3961226456427751,0.04690926066822337,0.003943698905735593,0.0017789939175573732,0.012553182432341466
2025-07-24 07:05:06.689235,0.5369132245158097,0.3961226456427751,0.04690926066822337,0.003943698905735593,0.0017789939175573732,0.012553182432341466
2025-07-25 07:05:06.717378,0.5400854478077292,0.39214899906039463,0.04747066830731092,0.003990896893092511,0.0018002848260257635,0.012703418279421234
2025-07-26 07:05:07.195857,0.5578679803529579,0.3711529828470699,0.05051804488751785,0.004023561097235936,0.0018150195767970485,0.012807391661624245
2025-07-27 07:05:07.006969,0.5354344402160642,0.40217075731784374,0.04762548441921834,0.004003912406925436,0.0018061560957388192,0.008959249544209392
2025-07-28 05:44:47.709836,0.622301468441646,0.3318941165022112,0.03446592748292194,0.004458279176895374,0.0017886509272574255,0.005091557469068013
2025-07-28 07:05:05.802387,0.622301468441646,0.3318941165022112,0.03446592748292194,0.004458279176895374,0.0017886509272574255,0.005091557469068013
2025-07-29 07:05:07.163985,0.6130372143887757,0.33603521381310664,0.03944761205632122,0.004513905857190985,0.001810968218154467,0.005155085666451068
2025-07-30 07:05:06.670528,0.6109701027565037,0.3458321336357568,0.03160190186671571,0.004559478378779878,0.0018292518046601905,0.005207131557583838
2025-07-31 07:05:07.317593,0.6085282323983274,0.34873348702827217,0.03126576090598303,0.004510980429221431,0.0018097945434600953,0.00515174469473584
2025-07-31 09:44:26.537622,0.6085282323983274,0.34873348702827217,0.03126576090598303,0.004510980429221431,0.0018097945434600953,0.00515174469473584
2025-07-31 09:50:51.715110,0.6085282323983274,0.34873348702827217,0.03126576090598303,0.004510980429221431,0.0018097945434600953,0.00515174469473584
2025-08-01 07:05:11.074114,0.6113391121797818,0.35034433736456716,0.026791037563172786,0.004531817299243158,0.0018181542458041411,0.005175541347431107
2025-08-04 06:05:05.181963,0.5768149329093282,0.39624677999858204,0.01786995282346546,0.004534167134312132,,0.004534167134312132
2025-08-04 07:05:06.317852,0.5814872759195635,0.3918718598588363,0.017672652503437712,0.004484105859081211,,0.004484105859081211
2025-08-05 07:05:05.999179,0.5783640152802727,0.3947963060826209,0.017804539293922117,0.0045175696715921785,,0.0045175696715921785
2025-08-06 07:05:07.799905,0.5768149329093282,0.39624677999858204,0.01786995282346546,0.004534167134312132,,0.004534167134312132
2025-08-07 07:05:11.465403,0.5768149329093282,0.39624677999858204,0.01786995282346546,0.004534167134312132,,0.004534167134312132
2025-08-08 07:05:06.157070,0.5768149329093282,0.39624677999858204,0.01786995282346546,0.004534167134312132,,0.004534167134312132
2025-08-09 07:05:14.424802,0.5768149329093282,0.39624677999858204,0.01786995282346546,0.004534167134312132,,0.004534167134312132
2025-08-10 07:05:08.233321,0.5741198118290938,0.3982192737367757,0.01834931947610633,0.004655797479012054,,0.004655797479012054
2025-08-11 07:05:06.672252,0.575274126454902,0.39768950481012794,0.017935016883594,0.00455067592568803,,0.00455067592568803
2025-08-12 07:05:08.432136,0.575274126454902,0.39768950481012794,0.017935016883594,0.00455067592568803,,0.00455067592568803
2025-08-13 07:05:10.058500,0.575274126454902,0.39768950481012794,0.017935016883594,0.00455067592568803,,0.00455067592568803
2025-08-14 07:05:07.146226,0.575274126454902,0.39768950481012794,0.017935016883594,0.00455067592568803,,0.00455067592568803
2025-08-15 07:05:12.986256,0.5799214404241791,0.39333802046161725,0.017738773471798423,0.0045008828212025846,,0.0045008828212025846
2025-08-16 07:05:18.058639,0.5799214404241791,0.39333802046161725,0.017738773471798423,0.0045008828212025846,,0.0045008828212025846
2025-08-17 07:05:06.937199,0.5814872759195635,0.3918718598588363,0.017672652503437712,0.004484105859081211,,0.004484105859081211
2025-08-18 07:05:06.841019,0.5814872759195635,0.3918718598588363,0.017672652503437712,0.004484105859081211,,0.004484105859081211
2025-08-19 06:44:07.496243,0.5814872759195635,0.3918718598588363,0.017672652503437712,0.004484105859081211,,0.004484105859081211
2025-08-19 07:05:06.899011,0.5814872759195635,0.3918718598588363,0.017672652503437712,0.004484105859081211,,0.004484105859081211
2025-08-20 07:05:10.179941,0.5814872759195635,0.3918718598588363,0.017672652503437712,0.004484105859081211,,0.004484105859081211
2025-08-21 07:05:07.629404,0.5814872759195635,0.3918718598588363,0.017672652503437712,0.004484105859081211,,0.004484105859081211
2025-08-22 07:05:08.866137,0.5895226345614899,0.38381686420386363,0.017685679036844697,0.004487411098900893,,0.004487411098900893
2025-08-23 07:05:06.088109,0.6020617305201569,0.37106661758589254,0.017825749276185035,0.004522951308882771,,0.004522951308882771
2025-08-24 07:05:09.123839,0.5974431635638351,0.3758913237422462,0.01768900347022335,0.004488254611847715,,0.004488254611847715
2025-08-25 07:05:08.518526,0.5974431635638351,0.3758913237422462,0.01768900347022335,0.004488254611847715,,0.004488254611847715
2025-08-26 07:05:08.307396,0.5974431635638351,0.3758913237422462,0.01768900347022335,0.004488254611847715,,0.004488254611847715
2025-08-26 09:52:55.125881,0.5974431635638351,0.3758913237422462,0.01768900347022335,0.004488254611847715,,0.004488254611847715
2025-08-27 07:05:07.161840,0.5974431635638351,0.3758913237422462,0.01768900347022335,0.004488254611847715,,0.004488254611847715
2025-08-28 07:05:07.324963,0.6020617305201569,0.37106661758589254,0.017825749276185035,0.004522951308882771,,0.004522951308882771
2025-08-29 07:05:08.767189,0.6020617305201569,0.37106661758589254,0.017825749276185035,0.004522951308882771,,0.004522951308882771
2025-08-30 07:05:08.041142,0.5502264617230163,0.4240769802548126,0.017046231559262073,0.004325163231454556,,0.004325163231454556
2025-08-31 07:05:07.390913,0.6188179515062088,0.35915708558007414,0.012899303777875902,0.0018280450463656465,0.0036488070447378046,0.0036488070447378046
2025-09-01 06:13:09.773079,0.7417746564877288,0.24010074407365956,0.009033493341385212,0.0018211234081435257,0.0036349913445414598,0.0036349913445414598
2025-09-01 07:05:06.006265,0.743335209249951,0.23864972507498425,0.008978900547375646,0.0018101176752194413,0.0036130237262348213,0.0036130237262348213
2025-09-02 07:05:09.443649,0.7494604565598497,0.2325249108813893,0.0089786846775982,0.0018100741565617127,0.003612936862300471,0.003612936862300471
2025-09-03 07:05:11.795663,0.7494604565598497,0.2325249108813893,0.0089786846775982,0.0018100741565617127,0.003612936862300471,0.003612936862300471
2025-09-04 07:05:13.439218,0.7494604565598497,0.2325249108813893,0.0089786846775982,0.0018100741565617127,0.003612936862300471,0.003612936862300471
2025-09-05 07:05:08.128097,0.7494604565598497,0.2325249108813893,0.0089786846775982,0.0018100741565617127,0.003612936862300471,0.003612936862300471
2025-09-06 07:05:07.397970,0.7494604565598497,0.2325249108813893,0.0089786846775982,0.0018100741565617127,0.003612936862300471,0.003612936862300471
2025-09-07 07:05:09.839521,0.717877359359526,0.26786468632818133,0.00888462078415255,0.0017911111760467214,0.0017911111760467214,0.0017911111760467214
2025-09-08 05:58:24.366548,0.7387247278382582,0.2391135303265941,0.022161741835147748,,,
2025-09-08 07:05:06.578017,0.7387247278382582,0.2391135303265941,0.022161741835147748,,,
2025-09-09 07:05:07.069762,0.7353694491559187,0.2380274795952053,0.026603071248875884,,,
2025-09-10 07:05:05.641077,0.7387247278382582,0.2391135303265941,0.022161741835147748,,,
2025-09-11 07:05:05.689663,0.7387247278382582,0.2391135303265941,0.022161741835147748,,,
2025-09-12 07:05:06.382389,0.7387247278382582,0.2391135303265941,0.022161741835147748,,,
2025-09-12 19:14:09.554968,0.7387247278382582,0.2391135303265941,0.022161741835147748,,,
2025-09-13 07:05:12.616379,0.7387247278382582,0.2391135303265941,0.022161741835147748,,,
2025-09-14 07:05:06.306840,0.7387247278382582,0.2391135303265941,0.022161741835147748,,,
2025-09-15 07:05:06.521025,0.7387247278382582,0.2391135303265941,0.022161741835147748,,,
2025-09-16 07:05:07.207678,0.7387247278382582,0.2391135303265941,0.022161741835147748,,,
2025-09-17 07:05:07.215559,0.7387247278382582,0.2391135303265941,0.022161741835147748,,,
2025-09-18 07:05:05.569184,0.7387247278382582,0.2391135303265941,0.022161741835147748,,,
2025-09-19 07:05:05.934109,0.7387247278382582,0.2391135303265941,0.022161741835147748,,,
2025-09-19 07:35:39.612421,0.7387247278382582,0.2391135303265941,0.022161741835147748,,,
2025-09-20 07:05:07.020986,0.7387247278382582,0.2391135303265941,0.022161741835147748,,,
2025-09-20 11:15:31.746030,0.7387247278382582,0.2391135303265941,0.022161741835147748,,,
2025-09-21 07:05:05.476480,0.6921241050119331,0.2768496420047733,0.031026252983293555,,,
2025-09-22 05:46:37.952750,0.6230109498894223,0.27374723555747343,0.10324181455310426,,,
2025-09-22 07:05:06.843501,0.6230109498894223,0.27374723555747343,0.10324181455310426,,,
2025-09-23 07:05:05.671334,0.6230109498894223,0.27374723555747343,0.10324181455310426,,,
2025-09-24 07:05:06.143775,0.6276507441982103,0.2601566852763596,0.11219257052543008,,,
2025-09-25 07:02:13.238598,0.6276507441982103,0.2601566852763596,0.11219257052543008,,,
2025-09-25 07:05:05.631160,0.6276507441982103,0.2601566852763596,0.11219257052543008,,,
2025-09-26 07:05:05.923596,0.6276507441982103,0.2601566852763596,0.11219257052543008,,,
2025-09-27 07:05:05.494059,0.630997382960163,0.2542018028496656,0.11480081419017157,,,
2025-09-28 07:05:05.796391,0.630997382960163,0.2542018028496656,0.11480081419017157,,,
2025-09-29 05:35:48.270871,0.630997382960163,0.2542018028496656,0.11480081419017157,,,
2025-09-29 07:05:06.274819,0.630997382960163,0.2542018028496656,0.11480081419017157,,,
2025-09-30 07:05:05.479775,0.630997382960163,0.2542018028496656,0.11480081419017157,,,
2025-10-01 07:05:05.380655,0.630997382960163,0.2542018028496656,0.11480081419017157,,,
2025-10-01 16:03:09.655295,0.630997382960163,0.2542018028496656,0.11480081419017157,,,
2025-10-02 07:05:06.523052,0.630997382960163,0.2542018028496656,0.11480081419017157,,,
2025-10-02 10:08:08.628672,0.630997382960163,0.2542018028496656,0.11480081419017157,,,
2025-10-03 07:05:06.160056,0.630997382960163,0.2542018028496656,0.11480081419017157,,,
2025-10-04 07:05:08.746046,0.630997382960163,0.2542018028496656,0.11480081419017157,,,
2025-10-05 07:05:06.253227,0.6566772133006985,0.20148050862635067,0.14184227807295088,,,
2025-10-06 07:05:07.213364,0.6177947508018767,0.2541784117584864,0.12270681946961413,0.0017756974873347352,,0.0035443204826880576
2025-10-06 11:39:59.863433,0.6177947508018767,0.2541784117584864,0.12270681946961413,0.0017756974873347352,,0.0035443204826880576
2025-10-07 07:05:07.043508,0.6177947508018767,0.2541784117584864,0.12270681946961413,0.0017756974873347352,,0.0035443204826880576
2025-10-08 07:05:08.742499,0.6177947508018767,0.2541784117584864,0.12270681946961413,0.0017756974873347352,,0.0035443204826880576
2025-10-09 07:05:10.739963,0.6177947508018767,0.2541784117584864,0.12270681946961413,0.0017756974873347352,,0.0035443204826880576
2025-10-10 07:05:08.121774,0.6177947508018767,0.2541784117584864,0.12270681946961413,0.0017756974873347352,,0.0035443204826880576
2025-10-11 07:05:08.582877,0.6177947508018767,0.2541784117584864,0.12270681946961413,0.0017756974873347352,,0.0035443204826880576
2025-10-12 07:05:06.846710,0.6177947508018767,0.2541784117584864,0.12270681946961413,0.0017756974873347352,,0.0035443204826880576
2025-10-13 07:05:07.306628,0.6177947508018767,0.2541784117584864,0.12270681946961413,0.0017756974873347352,,0.0035443204826880576
2025-10-14 07:05:06.631803,0.6177947508018767,0.2541784117584864,0.12270681946961413,0.0017756974873347352,,0.0035443204826880576
2025-10-15 07:05:06.504701,0.6177947508018767,0.2541784117584864,0.12270681946961413,0.0017756974873347352,,0.0035443204826880576
2025-10-16 07:05:05.638670,0.6177947508018767,0.2541784117584864,0.12270681946961413,0.0017756974873347352,,0.0035443204826880576
2025-10-17 07:05:13.682188,0.6177947508018767,0.2541784117584864,0.12270681946961413,0.0017756974873347352,,0.0035443204826880576
2025-10-18 07:05:06.438202,0.6177947508018767,0.2541784117584864,0.12270681946961413,0.0017756974873347352,,0.0035443204826880576
