tstamp,Kimi Antonelli,George Russell,Max Verstappen,Lando Norris,Lewis Hamilton,Oscar Piastri
2025-12-08 05:58:52.364789,0.06113035058761685,0.1806123994634134,0.26055559266853084,0.19867363940975477,0.019382794088756563,0.1419097424355391
2025-12-08 06:01:11.509229,0.06113035058761685,0.1806123994634134,0.26055559266853084,0.19867363940975477,0.019382794088756563,0.1419097424355391
2025-12-08 06:05:00.144642,0.06113035058761685,0.1806123994634134,0.26055559266853084,0.19867363940975477,0.019382794088756563,0.1419097424355391
2025-12-08 06:05:50.709719,0.06113035058761685,0.1806123994634134,0.26055559266853084,0.19867363940975477,0.019382794088756563,0.1419097424355391
2025-12-08 07:05:11.601329,0.06113035058761685,0.1806123994634134,0.26055559266853084,0.19867363940975477,0.019382794088756563,0.1419097424355391
2025-12-09 07:05:16.099827,0.060509120446138806,0.1787769467726828,0.2537479244515498,0.1966546414499511,0.01918581867804401,0.14046760103567937
2025-12-10 07:05:11.586398,0.060509120446138806,0.1787769467726828,0.2537479244515498,0.1966546414499511,0.01918581867804401,0.14046760103567937
2025-12-11 07:05:13.177884,0.06081261278956872,0.1756808813920874,0.25502063427883653,0.1928204795766813,0.01928204795766813,0.13869543267796372
2025-12-12 07:05:12.754767,0.06081261278956872,0.1756808813920874,0.25502063427883653,0.1928204795766813,0.01928204795766813,0.13869543267796372
2025-12-12 18:00:19.294724,0.06089080635263185,0.17590677390760312,0.25129539129657585,0.1930684103863937,0.023281778899535706,0.13766617088421113
2025-12-13 07:05:12.378036,0.06089080635263185,0.17590677390760312,0.25129539129657585,0.1930684103863937,0.023281778899535706,0.13766617088421113
2025-12-14 07:05:15.654526,0.0607731999989261,0.17556702221911982,0.25081003174159977,0.1926955121917169,0.023236811764295272,0.13740027825844162
2025-12-15 07:05:09.416959,0.060315174647686265,0.17424383787109363,0.2489197683872766,0.19124323668778573,0.023061684424115336,0.13518918455515888
2025-12-16 07:05:10.220297,0.060315174647686265,0.17424383787109363,0.2489197683872766,0.19124323668778573,0.023061684424115336,0.13518918455515888
2025-12-17 07:05:15.393319,0.060315174647686265,0.17424383787109363,0.2489197683872766,0.19124323668778573,0.023061684424115336,0.13518918455515888
2025-12-18 07:05:11.739508,0.060315174647686265,0.17424383787109363,0.2489197683872766,0.19124323668778573,0.023061684424115336,0.13518918455515888
2025-12-19 07:05:13.647913,0.05634979626426896,0.17149937993473166,0.24653035865617673,0.18783265421422987,0.02320285728528722,0.13601674960340787
2025-12-20 07:05:15.256464,0.05634979626426896,0.17149937993473166,0.24653035865617673,0.18783265421422987,0.02320285728528722,0.13601674960340787
2025-12-21 07:05:14.635108,0.05634979626426896,0.17149937993473166,0.24653035865617673,0.18783265421422987,0.02320285728528722,0.13601674960340787
2025-12-22 07:05:12.268513,0.05634979626426896,0.17149937993473166,0.24653035865617673,0.18783265421422987,0.02320285728528722,0.13601674960340787
2025-12-23 07:05:12.560928,0.05634979626426896,0.17149937993473166,0.24653035865617673,0.18783265421422987,0.02320285728528722,0.13601674960340787
2025-12-24 07:05:13.514653,0.05634979626426896,0.17149937993473166,0.24653035865617673,0.18783265421422987,0.02320285728528722,0.13601674960340787
2025-12-25 07:05:12.579901,0.05634979626426896,0.17149937993473166,0.24653035865617673,0.18783265421422987,0.02320285728528722,0.13601674960340787
2025-12-26 07:05:14.830305,0.05634979626426896,0.17149937993473166,0.24653035865617673,0.18783265421422987,0.02320285728528722,0.13601674960340787
2025-12-27 07:05:11.341680,0.05634979626426896,0.17149937993473166,0.24653035865617673,0.18783265421422987,0.02320285728528722,0.13601674960340787
2025-12-28 07:05:12.320688,0.05634979626426896,0.17149937993473166,0.24653035865617673,0.18783265421422987,0.02320285728528722,0.13601674960340787
2025-12-29 07:05:14.236688,0.05634979626426896,0.17149937993473166,0.24653035865617673,0.18783265421422987,0.02320285728528722,0.13601674960340787
2025-12-30 07:05:14.588380,0.05634979626426896,0.17149937993473166,0.24653035865617673,0.18783265421422987,0.02320285728528722,0.13601674960340787
2025-12-31 07:05:13.300307,0.056127661055004656,0.17082331625436203,0.24555851711564539,0.1870922035166822,0.02311138984617839,0.13548056116725263
2026-01-01 07:05:09.789253,0.056127661055004656,0.17082331625436203,0.24555851711564539,0.1870922035166822,0.02311138984617839,0.13548056116725263
2026-01-02 07:05:11.215223,0.056127661055004656,0.17082331625436203,0.24555851711564539,0.1870922035166822,0.02311138984617839,0.13548056116725263
2026-01-03 07:05:14.684595,0.0583407133814865,0.214939470352845,0.22688055203911417,0.17016041402933563,0.02402264668649444,0.116681426762973
2026-01-04 07:05:12.184194,0.0583407133814865,0.214939470352845,0.22688055203911417,0.17016041402933563,0.02402264668649444,0.116681426762973
2026-01-05 07:05:11.408971,0.0583407133814865,0.214939470352845,0.22688055203911417,0.17016041402933563,0.02402264668649444,0.116681426762973
2026-01-06 07:05:13.915163,0.05823122033712433,0.20903514992813865,0.22645474575548352,0.16984105931661264,0.0313552724892208,0.11646244067424866
2026-01-07 07:05:12.330066,0.07243299715456872,0.20967446544743573,0.215341342891961,0.15176437499052492,0.030644729565394456,0.10623506249336744
2026-01-08 07:05:12.031034,0.07243299715456872,0.20967446544743573,0.215341342891961,0.15176437499052492,0.030644729565394456,0.10623506249336744
2026-01-09 07:05:10.113918,0.07243299715456872,0.20967446544743573,0.215341342891961,0.15176437499052492,0.030644729565394456,0.10623506249336744
2026-01-10 07:05:12.995718,0.07243299715456872,0.20967446544743573,0.215341342891961,0.15176437499052492,0.030644729565394456,0.10623506249336744
2026-01-11 07:05:12.139951,0.07259344749636672,0.20475074934872667,0.22181331179445388,0.15066564574717622,0.030712612402309,0.10303586096258502
2026-01-11 19:04:48.992439,0.07176216805505863,0.21050235962817196,0.2192732912793458,0.14352433611011725,0.030360917254063265,0.1018559804652445
2026-01-12 07:05:16.078096,0.07176216805505863,0.21050235962817196,0.2192732912793458,0.14352433611011725,0.030360917254063265,0.1018559804652445
2026-01-13 07:05:13.541923,0.07131538067677759,0.20919178331854757,0.22413405355558666,0.14263076135355518,0.030171891824790516,0.10122183063800688
2026-01-14 07:05:13.072970,0.07258745824594388,0.21012158965931124,0.2314382726682269,0.13307700678423046,0.03071007848866857,0.09678327766125852
2026-01-15 07:05:15.619657,0.07304489807638456,0.21144575758953424,0.23289677647542906,0.1339156464733717,0.03090361072462424,0.09739319743517942
2026-01-16 07:05:13.996281,0.07276599539337318,0.20523742290438593,0.2320075215440884,0.1334043248878508,0.030785613435657885,0.0941677587443653
2026-01-17 07:05:16.290893,0.07202597524027933,0.2112761940381527,0.22964803699799208,0.13204762127384542,0.03047252798627203,0.09321008560506737
2026-01-18 07:05:16.479184,0.07221585063379171,0.20904588341360758,0.2444228790682181,0.13239572616195147,0.030552859883527263,0.07943743569717089
2026-01-19 07:05:15.753472,0.07304728681892075,0.21427204133550087,0.23290439275597924,0.13392002583468804,0.030904621346466474,0.08035201550081283
2026-01-20 07:05:15.348492,0.0728970963416078,0.21383148260204957,0.2324255245674452,0.13364467662628096,0.030841079221449456,0.08224287792386521
2026-01-21 07:05:12.916832,0.06130433872181086,0.22137677871765032,0.23100185605320034,0.13282606723059018,0.034650278407980045,0.08615744901443688
2026-01-22 07:05:14.520978,0.0613361416718504,0.23112169325624787,0.23112169325624787,0.1328949736223425,0.034668253988437175,0.08620214505233029
2026-01-22 09:27:02.918071,0.0613361416718504,0.23112169325624787,0.23112169325624787,0.1328949736223425,0.034668253988437175,0.08620214505233029
2026-01-23 07:05:12.447177,0.06051250407393931,0.23137133910623853,0.22476072941748884,0.15128126018484825,0.03420271969396569,0.08280658452223273
2026-01-24 07:05:15.601936,0.06624591681407999,0.22406707157703526,0.21766515524626281,0.14650539295421536,0.040096212808522096,0.0896268286308141
2026-01-25 07:05:12.323035,0.06824558609574968,0.230830658853271,0.22423549717174895,0.12074219078478791,0.0413065389526906,0.0923322635413084
2026-01-26 07:05:12.554854,0.06745390455394157,0.2216342578200937,0.20965402766765617,0.11934152344158892,0.05171466015802187,0.08865370312803748
2026-01-26 20:58:24.868043,0.07049843371392481,0.23163771077432435,0.197739509197594,0.12472799810925159,0.054048799180675684,0.07721257025810811
2026-01-27 07:05:11.595195,0.07589393322457577,0.2414806966236502,0.19436251191659654,0.12259789213200703,0.05312575325720305,0.07589393322457577
2026-01-28 07:05:15.068997,0.08510655638440433,0.23210879013928457,0.20156815985779972,0.11783984730148293,0.0510639338306426,0.08510655638440433
2026-01-29 07:05:12.463834,0.08725593147128247,0.24237758742022905,0.2009182632562425,0.10906991433910307,0.0477180875233576,0.08982228239690841
2026-01-29 07:21:19.996559,0.08725593147128247,0.24237758742022905,0.2009182632562425,0.10906991433910307,0.0477180875233576,0.08982228239690841
2026-01-30 07:05:16.785837,0.08880951844792849,0.25478140538340144,0.17660983782258508,0.11101189805991062,0.0485677054012109,0.09142156310816169
2026-01-31 07:05:13.321412,0.08600984297687388,0.2841396598343155,0.1623655199053231,0.10607880633814444,0.04187321302821491,0.06364728380288666
2026-02-01 07:05:13.679616,0.09021855490801108,0.27885735153385244,0.16670819928654224,0.10224769556241255,0.04792860729488088,0.0730340682588661
2026-02-02 07:05:13.292770,0.08703482683445513,0.27484682158248985,0.1598598860224686,0.10444179220134615,0.048957090094381005,0.07460128014381867
2026-02-02 16:25:23.824129,0.08703482683445513,0.27484682158248985,0.1598598860224686,0.10444179220134615,0.048957090094381005,0.07460128014381867
2026-02-03 07:05:11.986014,0.08749798865762663,0.2763094378661894,0.16071059141196728,0.0926449291668988,0.05624870699418855,0.07499827599225141
2026-02-04 07:05:12.277846,0.09402475979920366,0.27217693626085265,0.15209887614577064,0.09402475979920366,0.062056341467474414,0.07757042683434302
2026-02-05 07:05:13.328562,0.09402475979920366,0.27217693626085265,0.15209887614577064,0.09402475979920366,0.062056341467474414,0.07757042683434302
2026-02-05 15:47:20.786028,0.09402475979920366,0.27217693626085265,0.15209887614577064,0.09402475979920366,0.062056341467474414,0.07757042683434302
2026-02-06 07:05:14.741566,0.10713590084186117,0.2633000952893198,0.15230103551048893,0.0941497310428477,0.06213882248827948,0.07767352811034936
2026-02-07 07:05:10.873521,0.09478372628966394,0.2606552472965758,0.16637568976377182,0.09478372628966394,0.05585469584926625,0.08020161455279257
2026-02-08 07:05:14.835677,0.08945501881996136,0.26219574481712815,0.17281083181128898,0.0921657769660208,0.0543119757121194,0.07798642666355605
2026-02-09 06:01:53.245185,0.08926015334908952,0.2693194282084598,0.1644265982746386,0.09466985961267071,0.05578759584318095,0.07438346112424127
2026-02-09 07:05:14.939002,0.08926015334908952,0.2693194282084598,0.1644265982746386,0.09466985961267071,0.05578759584318095,0.07438346112424127
2026-02-10 07:05:14.000249,0.08557532139114392,0.277744464164239,0.1666466784985434,0.09594808762037348,0.056540837347720085,0.06596431023900676
2026-02-11 07:05:11.727652,0.08591350741845842,0.2788420854809615,0.1673052512885769,0.09933749295259255,0.05676428168719573,0.06910434292354263
2026-02-12 07:30:50.872868,0.08181517787131246,0.2639199286171369,0.19954921432027428,0.11284852120181027,0.05843941276522317,0.08181517787131246
2026-02-12 07:31:16.442676,0.08181517787131246,0.2639199286171369,0.19954921432027428,0.11284852120181027,0.05843941276522317,0.08181517787131246
2026-02-13 06:14:17.111391,0.07657798235664351,0.2593770370144377,0.23649082786610498,0.10720917529930092,0.05360458764965046,0.07309716497679608
2026-02-13 07:05:15.610027,0.07657798235664351,0.2593770370144377,0.23649082786610498,0.10720917529930092,0.05360458764965046,0.07309716497679608
2026-02-13 10:56:32.853989,0.05855448280527379,0.2644395997657526,0.24110669390406858,0.10930170123651108,0.05465085061825554,0.0745238872067121
2026-02-13 17:44:28.238734,0.05855448280527379,0.2644395997657526,0.24110669390406858,0.10930170123651108,0.05465085061825554,0.0745238872067121
2026-02-14 07:05:11.288527,0.06806176318317166,0.2916932707850214,0.24021798770531175,0.10889882109307465,0.054449410546537326,0.06806176318317166
2026-02-15 07:05:13.726955,0.08063697997118556,0.27805855162477777,0.23039137134624443,0.10079622496398194,0.05375798664745703,0.0671974833093213
2026-02-15 20:36:44.582619,0.08183460159178571,0.28218828135098517,0.23381314740510198,0.10229325198973213,0.05455640106119047,0.06819550132648808
2026-02-15 20:38:44.647733,0.08155823365977422,0.28123528848198004,0.23640067727470787,0.10194779207471776,0.05437215577318281,0.06796519471647851
2026-02-15 20:42:09.543491,0.08155823365977422,0.28123528848198004,0.23640067727470787,0.10194779207471776,0.05437215577318281,0.06796519471647851
2026-02-16 07:05:12.171780,0.07986506191273451,0.27539676521632594,0.22818589117924146,0.09395889636792296,0.06389204953018761,0.06655421826061209
2026-02-17 07:05:11.637907,0.08096141200982185,0.274445464440074,0.23131832002806238,0.0952487200115551,0.06476912960785747,0.0674678433415182
2026-02-18 07:05:12.217662,0.07781388785013268,0.2593796261671089,0.23682487606562122,0.09612303793251685,0.07427689294785393,0.0680871518688661
2026-02-19 06:17:44.896697,0.1060895562208124,0.25666828117938484,0.22733476333031227,0.08840796351734366,0.0723337883323721,0.06630597263800775
2026-02-19 07:05:12.671402,0.1060895562208124,0.25666828117938484,0.22733476333031227,0.08840796351734366,0.0723337883323721,0.06630597263800775
2026-02-20 06:13:28.037394,0.10217645844881178,0.26395585099276375,0.19796688824457281,0.08560730302468014,0.07918675529782913,0.07541595742650392
2026-02-20 07:05:11.689489,0.10217645844881178,0.26395585099276375,0.19796688824457281,0.08560730302468014,0.07918675529782913,0.07541595742650392
2026-02-20 13:18:23.114989,0.0990227475451272,0.25973179683967795,0.1980454950902544,0.08564129517416408,0.07921819803610176,0.07544590289152549
2026-02-21 07:05:14.152077,0.09839077404594102,0.2580741614319765,0.19678154809188203,0.08509472349919223,0.08509472349919223,0.0749643992730979
2026-02-22 10:41:31.911681,0.07759068403330378,0.2424708876040743,0.18473972388881849,0.07759068403330378,0.11084383433329109,0.0738958895555274
2026-02-23 07:05:16.366301,0.07929649547524603,0.25579514669434206,0.18880117970296673,0.06343719638019683,0.10572866063366138,0.06895347432630089
2026-02-24 07:05:12.133421,0.0806703717903927,0.26022700577546026,0.19207231378664924,0.07333670162762972,0.09490631975340316,0.06205413214645592
2026-02-24 20:29:13.099588,0.07937160168541076,0.25603742479164754,0.18898000401288273,0.0721560015321916,0.10947807129022172,0.061055078219546734
2026-02-25 07:05:13.821864,0.07936826857080787,0.2560266728090576,0.19842067142701963,0.07215297142800714,0.10947347389076945,0.061052514285236816
2026-02-26 07:05:13.514344,0.07989783184087762,0.25773494142218584,0.18580891125785493,0.07989783184087762,0.1102039059874174,0.06145987064682894
2026-02-27 07:05:12.277086,0.07876148825844782,0.2582343877326158,0.18532114884340664,0.07876148825844782,0.10863653552889355,0.06848825065951984
2026-02-28 07:05:13.078056,0.08074832961386084,0.2647486216847897,0.18999606967967256,0.08074832961386084,0.10766443948514778,0.07021593879466159
2026-03-01 07:05:13.522129,0.08086587968761177,0.25671707837337066,0.19723385289661408,0.08086587968761177,0.10782117291681569,0.07031815625009719
2026-03-02 07:05:14.801143,0.09228846195783443,0.24903235766399764,0.1913297382052665,0.07844519266415927,0.12068491179101425,0.0682132110123124
2026-03-03 07:05:16.314922,0.10932429634519654,0.2642003828342249,0.18013662465969885,0.07926011485026749,0.09607286648517271,0.06892183900023259
2026-03-04 07:05:13.010982,0.09512359913181356,0.2608227718130372,0.18803502153963145,0.08085505926204153,0.10432910872521488,0.06468404740963322
2026-03-05 07:05:13.246233,0.08172095839075366,0.2655931147699494,0.19433642544142643,0.07967793443098484,0.10623724590797977,0.06928516037476941
2026-03-06 07:05:14.304160,0.09665736999519088,0.25723332337429833,0.19449348840495728,0.07974233024603249,0.09381450617180291,0.07249302749639316
2026-03-07 07:05:11.922418,0.10811416748782655,0.2612759047622475,0.18228551495040524,0.07838277142867425,0.10811416748782655,0.08250818045123605
2026-03-08 07:05:16.261334,0.1129710884084116,0.4475630551699366,0.16715110019611917,0.04817884652711671,0.05460269273073227,0.06552323127687873
2026-03-08 17:32:57.203230,0.12126169523302474,0.4529890913877361,0.16420854562805434,0.03753338185784099,0.06063084761651237,0.03753338185784099
2026-03-08 17:37:38.017798,0.12126169523302474,0.4529890913877361,0.16420854562805434,0.03753338185784099,0.06063084761651237,0.03753338185784099
2026-03-08 21:03:18.869711,0.10303538306301582,0.45042790410061556,0.14986964809165937,0.04338331918442771,0.08242830645041266,0.0392515745001965
2026-03-09 07:05:18.371514,0.10946223997891902,0.43668446800100674,0.16419335996837855,0.04320877893904698,0.07463334544017207,0.04320877893904698
2026-03-10 07:05:11.178759,0.10404528859146425,0.416181154365857,0.16006967475609885,0.039636300415795904,0.0979249774978487,0.04380854256482705
2026-03-11 07:05:12.235809,0.0937519959276177,0.42188398167427965,0.15067285059795704,0.04017942682612187,0.09926681921747757,0.044408840176239965
2026-03-12 07:05:11.999926,0.09125784760411235,0.432274014966848,0.15496615630887006,0.03911050611604815,0.0966259562867072,0.043227401496684796
2026-03-13 07:05:13.978300,0.09216989020868933,0.4412388361054277,0.15651490790154796,0.039501381518009714,0.08295290118782041,0.04365942167780021
2026-03-14 07:05:14.296288,0.10227898672864266,0.5146112539805919,0.10227898672864266,0.048131287872302427,0.07792684703134678,0.04306483651732322
2026-03-17 07:05:12.033462,0.18494095882286454,0.5560316409053443,0.05671522737234512,0.01668094922716033,0.0708940342154314,0.01668094922716033
2026-03-18 07:05:14.483167,0.18836371131286928,0.5540109156260862,0.05297729380674449,0.016620327468782586,0.07370753920938364,0.016620327468782586
2026-03-19 06:45:24.168079,0.18180549198926466,0.5584874590519895,0.05340536327184649,0.016754623771559684,0.07430311411735163,0.016754623771559684
2026-03-19 07:05:13.052016,0.18180549198926466,0.5584874590519895,0.05340536327184649,0.016754623771559684,0.07430311411735163,0.016754623771559684
2026-03-20 07:05:16.681786,0.18052798801830278,0.5545631004483811,0.05303009648037644,0.01663689301345143,0.08080776606533552,0.01663689301345143
2026-03-21 07:05:14.902443,0.18052798801830278,0.5545631004483811,0.05303009648037644,0.01663689301345143,0.08080776606533552,0.01663689301345143
2026-03-22 07:05:11.896046,0.17685597756994767,0.5227818204897824,0.06649784756630032,0.016298492050563804,0.0722802690938047,0.05937307818419671
2026-03-23 07:05:11.653843,0.17636730896880243,0.5213373283983468,0.05920902515381224,0.016253457885360225,0.07208055236116273,0.05920902515381224
2026-03-24 07:05:12.398411,0.17583920118762117,0.5197762550829054,0.05903173182727282,0.016204789129055285,0.07186471700711473,0.05903173182727282
2026-03-25 07:05:11.280383,0.1714307714855108,0.5099522949252536,0.057551758998707195,0.03098940869161157,0.0700630109549479,0.057551758998707195
2026-03-26 07:05:09.399409,0.16501639441294394,0.5085410897002676,0.05775573804453039,0.03109924356243944,0.07700765072604052,0.05775573804453039
2026-03-27 07:05:11.649526,0.16270237847736801,0.5110523426532714,0.06132628111839257,0.030663140559196285,0.07592777662277174,0.05694583246707881
2026-03-29 07:05:20.694055,0.31516289520970975,0.4539030827748537,0.03212237201175888,0.0269413442679268,0.06424474402351776,0.0269413442679268
2026-03-30 07:05:08.639075,0.3835683474644231,0.40624233844754165,0.011615097845753658,0.031718151809558066,0.031718151809558066,0.058905139074893545
2026-03-31 07:05:10.098580,0.3561225972715868,0.42149776005574285,0.012288737511484335,0.03355770628136107,0.03355770628136107,0.06232145452252769
2026-04-01 07:05:15.685823,0.34304782659379773,0.44180401909807276,0.012320731800199776,0.03364507530054554,0.03364507530054554,0.0546732473633865
2026-04-02 07:05:09.969094,0.34073187716661246,0.4455724547563394,0.012237553334857208,0.03341793410672545,0.03341793410672545,0.054304142923428854
2026-04-03 07:05:10.568977,0.32965328595801074,0.43108506625278326,0.0247239964468508,0.03233137996895874,0.03233137996895874,0.06004399137092337
2026-04-04 07:05:10.575355,0.3219638591439135,0.4309112256219044,0.025094241962687374,0.032815547181975796,0.037095835944842205,0.060943159052240764
2026-04-05 07:05:10.437830,0.32046155609903104,0.4289005675062789,0.02497715069595389,0.03266242783317047,0.03692274450706227,0.06532485566634094
2026-04-06 07:05:10.656788,0.31798975515472766,0.4255923490707213,0.02478449562235377,0.0324104942753857,0.04435120269263306,0.0648209885507714
2026-04-06 17:38:34.966774,0.31798975515472766,0.4255923490707213,0.02478449562235377,0.0324104942753857,0.04435120269263306,0.0648209885507714
2026-04-07 07:05:10.694275,0.31474485408673764,0.42124942592416903,0.02453158421558396,0.03971780301570736,0.04389862438578182,0.06415952794845035
2026-04-08 07:05:09.837801,0.31474485408673764,0.42124942592416903,0.02453158421558396,0.03971780301570736,0.04389862438578182,0.06415952794845035
2026-04-08 09:49:35.351604,0.31474485408673764,0.42124942592416903,0.02453158421558396,0.03971780301570736,0.04389862438578182,0.06415952794845035
2026-04-09 07:05:10.933493,0.3131276923278801,0.4190850427620618,0.024405540725555362,0.03951373260328011,0.048811081451110724,0.06382987574376019
2026-04-09 15:54:58.473016,0.3131276923278801,0.4190850427620618,0.024405540725555362,0.03951373260328011,0.048811081451110724,0.06382987574376019
2026-04-10 07:05:11.881101,0.30140904008724084,0.4262350061839769,0.02482192094836101,0.040187872011632104,0.04964384189672202,0.06491887017263649
2026-04-10 11:57:18.374676,0.30140904008724084,0.4262350061839769,0.02482192094836101,0.040187872011632104,0.04964384189672202,0.06491887017263649
2026-04-11 07:05:09.423367,0.30299237752786246,0.42847406923132064,0.024952313443471024,0.04039898367038165,0.04465150826726393,0.06525989669830884
2026-04-11 19:03:49.306180,0.30299237752786246,0.42847406923132064,0.024952313443471024,0.04039898367038165,0.04465150826726393,0.06525989669830884
2026-04-12 07:05:09.993130,0.30299237752786246,0.42847406923132064,0.024952313443471024,0.04039898367038165,0.04465150826726393,0.06525989669830884
2026-04-12 16:59:57.743029,0.30749122689708525,0.41998801722528717,0.02532280692093643,0.04099883025294469,0.045314496595359924,0.06622887963937221
2026-04-13 06:27:28.214384,0.2964917722487758,0.4266588917726287,0.025725021415702612,0.04165003467304232,0.04603424884915204,0.06728082524106838
2026-04-13 07:05:10.463449,0.2964917722487758,0.4266588917726287,0.025725021415702612,0.04165003467304232,0.04603424884915204,0.06728082524106838
2026-04-14 06:33:58.526681,0.2964917722487758,0.4266588917726287,0.025725021415702612,0.04165003467304232,0.04603424884915204,0.06728082524106838
2026-04-14 07:05:11.199336,0.2964917722487758,0.4266588917726287,0.025725021415702612,0.04165003467304232,0.04603424884915204,0.06728082524106838
2026-04-15 07:05:08.973645,0.2964917722487758,0.4266588917726287,0.025725021415702612,0.04165003467304232,0.04603424884915204,0.06728082524106838
2026-04-16 07:05:13.994890,0.2964917722487758,0.4266588917726287,0.025725021415702612,0.04165003467304232,0.04603424884915204,0.06728082524106838
2026-04-16 11:22:51.594703,0.2964917722487758,0.4266588917726287,0.025725021415702612,0.04165003467304232,0.04603424884915204,0.06728082524106838
2026-04-17 07:05:09.990756,0.2964917722487758,0.4266588917726287,0.025725021415702612,0.04165003467304232,0.04603424884915204,0.06728082524106838
2026-04-18 07:05:12.041174,0.39302009026501333,0.40820927249747757,0.011901312592532095,0.03249973823345303,0.03249973823345303,0.040237771146179935
2026-04-19 07:05:12.784364,0.39302009026501333,0.40820927249747757,0.011901312592532095,0.03249973823345303,0.03249973823345303,0.040237771146179935
2026-04-19 19:17:37.433751,0.39302009026501333,0.40820927249747757,0.011901312592532095,0.03249973823345303,0.03249973823345303,0.040237771146179935
2026-04-20 06:20:50.441276,0.39302009026501333,0.40820927249747757,0.011901312592532095,0.03249973823345303,0.03249973823345303,0.040237771146179935
2026-04-20 07:05:09.700653,0.39302009026501333,0.40820927249747757,0.011901312592532095,0.03249973823345303,0.03249973823345303,0.040237771146179935
2026-04-20 09:14:20.794281,0.39302009026501333,0.40820927249747757,0.011901312592532095,0.03249973823345303,0.03249973823345303,0.040237771146179935
2026-04-21 07:05:10.371531,0.39302009026501333,0.40820927249747757,0.011901312592532095,0.03249973823345303,0.03249973823345303,0.040237771146179935
2026-04-21 07:37:47.531400,0.39302009026501333,0.40820927249747757,0.011901312592532095,0.03249973823345303,0.03249973823345303,0.040237771146179935
2026-04-22 07:05:12.451193,0.39302009026501333,0.40820927249747757,0.011901312592532095,0.03249973823345303,0.03249973823345303,0.040237771146179935
2026-04-23 07:05:12.065584,0.39302009026501333,0.40820927249747757,0.011901312592532095,0.03249973823345303,0.03249973823345303,0.040237771146179935
2026-04-23 09:33:53.688485,0.39302009026501333,0.40820927249747757,0.011901312592532095,0.03249973823345303,0.03249973823345303,0.040237771146179935
2026-04-24 07:05:10.615727,0.39302009026501333,0.40820927249747757,0.011901312592532095,0.03249973823345303,0.03249973823345303,0.040237771146179935
2026-04-25 07:05:12.587543,0.39302009026501333,0.40820927249747757,0.011901312592532095,0.03249973823345303,0.03249973823345303,0.040237771146179935
2026-04-26 07:05:11.860509,0.39302009026501333,0.40820927249747757,0.011901312592532095,0.03249973823345303,0.03249973823345303,0.040237771146179935
2026-04-27 07:05:11.665743,0.39302009026501333,0.40820927249747757,0.011901312592532095,0.03249973823345303,0.03249973823345303,0.040237771146179935
2026-04-28 07:05:12.853684,0.39302009026501333,0.40820927249747757,0.011901312592532095,0.03249973823345303,0.03249973823345303,0.040237771146179935
2026-04-29 07:05:13.458793,0.39302009026501333,0.40820927249747757,0.011901312592532095,0.03249973823345303,0.03249973823345303,0.040237771146179935
2026-04-30 07:05:10.230447,0.39302009026501333,0.40820927249747757,0.011901312592532095,0.03249973823345303,0.03249973823345303,0.040237771146179935
2026-05-01 07:05:10.761031,0.39302009026501333,0.40820927249747757,0.011901312592532095,0.03249973823345303,0.03249973823345303,0.040237771146179935
2026-05-04 07:05:08.992303,0.37162351805175214,0.25156053529657074,0.048092455277285576,0.19013296272415228,0.01151509492554725,0.054504782647590316
2026-05-05 07:05:10.294571,0.37162351805175214,0.25156053529657074,0.048092455277285576,0.19013296272415228,0.01151509492554725,0.054504782647590316
2026-05-06 06:18:23.120820,0.37162351805175214,0.25156053529657074,0.048092455277285576,0.19013296272415228,0.01151509492554725,0.054504782647590316
2026-05-06 07:05:11.560411,0.37162351805175214,0.25156053529657074,0.048092455277285576,0.19013296272415228,0.01151509492554725,0.054504782647590316
2026-05-06 17:18:02.607388,0.37162351805175214,0.25156053529657074,0.048092455277285576,0.19013296272415228,0.01151509492554725,0.054504782647590316
2026-05-07 07:05:17.873936,0.37162351805175214,0.25156053529657074,0.048092455277285576,0.19013296272415228,0.01151509492554725,0.054504782647590316
2026-05-08 07:05:11.631370,0.3726166843991309,0.2748811606223098,0.06986562832483705,0.12420556146637698,0.016438971370549896,0.06449134922292651
2026-05-09 07:05:10.880068,0.349783708869529,0.26377132144259563,0.05028140814999479,0.18709361172091082,0.015774559419606208,0.06188481003076282
2026-05-10 06:20:42.589487,0.3547988389821457,0.2617368484294518,0.04989358673186424,0.1856505552813553,0.015652889955094663,0.06140749136229445
2026-05-10 07:05:10.631583,0.3547988389821457,0.2617368484294518,0.04989358673186424,0.1856505552813553,0.015652889955094663,0.06140749136229445
2026-05-11 07:05:13.733235,0.3401670921299899,0.2676724659383527,0.051025063819498485,0.1898607025841804,0.016007863159058347,0.06280007854707506
2026-05-12 07:05:11.240203,0.3605011629473442,0.2932890817198732,0.06655406085181739,0.11933831601015532,0.016964760609286787,0.06655406085181739
2026-05-13 07:05:13.148569,0.3673173904999795,0.2725258058548235,0.08045999982380503,0.11652827560689004,0.016565294081371622,0.06498692293461175
2026-05-14 07:05:12.479008,0.35681989361999117,0.2854559148959929,0.0685094195750383,0.12233824924113981,0.012781608129671324,0.07136397872399823
2026-05-15 07:05:10.945881,0.3533418412556237,0.2924208341425851,0.06784163352107973,0.12114577414478524,0.012657021179305922,0.07066836825112473
2026-05-16 07:05:10.633085,0.3409998486661704,0.26711654812183344,0.06968257777091308,0.18636038241058148,0.011286614709373245,0.05342330962436669
2026-05-17 07:05:10.660841,0.3378875945998701,0.27380546458954996,0.06904659541823432,0.1846594993743476,0.011183603483235138,0.05293572315397965
2026-05-18 07:05:13.782911,0.3429114449406192,0.268613965203485,0.06446735164883641,0.18740509200243144,0.011349885853668383,0.053722793040697006
2026-05-19 06:27:38.072050,0.3446052253084505,0.27330759248601244,0.0634073614567549,0.18432372516498513,0.011163267862104734,0.05283946788062907
2026-05-19 07:05:09.406212,0.3446052253084505,0.27330759248601244,0.0634073614567549,0.18432372516498513,0.011163267862104734,0.05283946788062907
2026-05-19 10:16:01.900448,0.3446052253084505,0.27330759248601244,0.0634073614567549,0.18432372516498513,0.011163267862104734,0.05283946788062907
2026-05-20 07:05:12.470142,0.3467883565762253,0.2690599318263817,0.06242190418372056,0.18145902378988535,0.010989771863331084,0.060021061715115925
2026-05-21 07:05:11.743676,0.35189641965619345,0.2669559045667675,0.06193376985949005,0.18004002866130828,0.010903832721741205,0.0595517017879712
2026-05-21 09:44:58.730149,0.3067180024823895,0.2855650367939489,0.06625108853619614,0.19259037365173295,0.011663924038062701,0.06370296974634244
2026-05-21 09:47:44.389869,0.3067180024823895,0.2855650367939489,0.06625108853619614,0.19259037365173295,0.011663924038062701,0.06370296974634244
2026-05-22 07:05:14.174328,0.33700456520386396,0.2730899062858898,0.06335685825832643,0.1841769135416466,0.01115437645393071,0.060920056017621564
2026-05-25 20:30:59.577541,0.5654520384165315,0.23560501600688816,0.02736058250402572,0.05654520384165315,0.016630942306368576,0.04038943131546654
2026-05-26 06:25:47.082379,0.5511048534587569,0.25334372367954794,0.027377466913757604,0.05658009828843238,0.0166412053789507,0.03690006410115155
2026-05-26 07:05:11.217967,0.5511048534587569,0.25334372367954794,0.027377466913757604,0.05658009828843238,0.0166412053789507,0.03690006410115155
2026-05-27 07:05:12.586352,0.5563021070315688,0.2515453005707964,0.02799455764416927,0.05785541913128316,0.017016299744495048,0.029925216792043012
2026-05-28 07:05:12.595767,0.550013322192979,0.26000629776395373,0.02767808976196927,0.05720138550806982,0.016823936914138183,0.029586923538656804
2026-05-29 07:05:11.487692,0.5414393316091952,0.2715790933150884,0.02516100423360378,0.05703160959616857,0.01677400282240252,0.029499108411811328
2026-05-30 07:05:13.173598,0.5367657933628573,0.27434696105212714,0.025417439038652952,0.057612861820946694,0.01694495935910197,0.029799756114282774
2026-05-31 07:05:16.840840,0.5419758700337709,0.27528933081080426,0.02550474682511863,0.05100949365023726,0.017003164550079088,0.029902116967380463
2026-06-01 07:05:11.240716,0.533429868213824,0.2767167441359212,0.026043928859851403,0.05534334882718423,0.017362619239900935,0.03053426142189475
2026-06-02 07:05:12.584393,0.5245441618914269,0.2808849383031512,0.03002563133585409,0.05442145679623554,0.0170733982105837,0.033490127259221875
2026-06-03 07:05:11.231063,0.5245441618914269,0.2808849383031512,0.03002563133585409,0.05442145679623554,0.0170733982105837,0.033490127259221875
2026-06-04 07:05:16.457717,0.5142341061358969,0.2869758076177747,0.03067672426258971,0.05560156272594385,0.017443627521864735,0.03421634629288853
2026-06-05 07:05:12.423607,0.5008852445203239,0.2873931730854318,0.03022583372105403,0.06261065556504049,0.017187238782560135,0.03371342991963719
2026-06-06 07:05:11.030863,0.5081913415642451,0.27207782594516505,0.02852428820392859,0.05895019562145243,0.021567144739555767,0.04210728258675173
2026-06-07 07:05:14.187460,0.604869453932036,0.1881816078899667,0.032569893673263475,0.0445693281844658,0.02731668501628549,0.032569893673263475
2026-06-08 07:05:13.081007,0.6745718263831101,0.12843847574334416,0.03490175971286526,0.03490175971286526,0.044596692966438936,0.027680705979169
2026-06-08 16:55:36.850407,0.6810513222148332,0.1200668256941706,0.035237003192854416,0.035237003192854416,0.045025059635313974,0.027946588739160397
2026-06-09 07:05:14.363268,0.6603008626486759,0.13877509655667086,0.035598829116711216,0.035598829116711216,0.045487392760242114,0.02823355412704683
2026-06-09 07:22:57.500275,0.6621147320301132,0.138034088202888,0.03540874436508866,0.03540874436508866,0.0452445066887244,0.02808279725507032
2026-06-10 07:05:15.045382,0.6779987251004285,0.13785974077042046,0.031813786331635494,0.031813786331635494,0.04595324692347348,0.017981705317880927
2026-06-11 07:05:15.504523,0.6736294097601395,0.13929286100124919,0.03573164695249435,0.03160876461182193,0.04565710443929834,0.017865823476247177
2026-06-14 10:23:52.905818,0.5877787564766932,0.21190970957186045,0.0383455664939557,0.03501116940752477,0.05032855602331686,0.017505584703762386
2026-06-14 10:24:34.955258,0.5877787564766932,0.21190970957186045,0.0383455664939557,0.03501116940752477,0.05032855602331686,0.017505584703762386
2026-06-14 10:29:15.292387,0.5877787564766932,0.21190970957186045,0.0383455664939557,0.03501116940752477,0.05032855602331686,0.017505584703762386
2026-06-15 06:13:20.704740,0.51655964762515,0.1767781905206069,0.025661350236862293,0.030596225282412737,0.1807958766688025,0.011204251511869453
2026-06-15 07:05:10.557843,0.51655964762515,0.1767781905206069,0.025661350236862293,0.030596225282412737,0.1807958766688025,0.011204251511869453
2026-06-16 07:05:11.471645,0.5448854458803402,0.17895185169964856,0.027420041792688084,0.03269312675282041,0.14167021592888843,0.011972130923568039
2026-06-17 07:05:13.333965,0.559495018334288,0.16899033206831557,0.026711375068862786,0.024354489033374893,0.15055502311540844,0.009099479419063148
2026-06-18 07:05:12.142662,0.562931828470106,0.16454930370664636,0.027601818686276165,0.02516636409631062,0.14752696194388987,0.009402817354665508
2026-06-19 07:05:11.773190,0.566187916859105,0.16332343755551107,0.027396189525440567,0.024978878684960515,0.14642790953252718,0.009332767860314919
2026-06-20 07:05:11.969592,0.5617016190125752,0.16202931317670438,0.02717911059738267,0.024780953779966555,0.15319135063979325,0.00925881789581168
2026-06-21 07:05:11.058115,0.5617016190125752,0.16202931317670438,0.02717911059738267,0.024780953779966555,0.15319135063979325,0.00925881789581168
2026-06-22 07:05:13.227075,0.5667101823736798,0.15455732246554904,0.02742146043743612,0.025001919810603523,0.15455732246554904,0.009341376632533186
2026-06-23 07:05:13.199996,0.5700032034948627,0.15338268021316304,0.027213056166851508,0.024811904152129315,0.15338268021316304,0.00927038177112524
2026-06-24 07:05:10.110244,0.5696737235455247,0.15329402015406848,0.027197326156366986,0.016531708055830912,0.1621379059321878,0.009265023196125018
2026-06-25 07:05:13.844219,0.5647475269159046,0.15504886648054833,0.027508669859452124,0.01672095618907874,0.16399399339288764,0.009371085336736439
2026-06-26 07:05:11.527900,0.5647475269159046,0.15504886648054833,0.027508669859452124,0.01672095618907874,0.16399399339288764,0.009371085336736439
2026-06-29 07:05:09.615665,0.5109175876127479,0.2539105586923959,0.03990023065166221,0.016429506738919734,0.10811675402385891,0.009207745534998974
2026-06-30 07:05:10.521332,0.5193284968314807,0.24744475437264674,0.046739564714833266,0.01649631695817645,0.09897790174905868,0.009245188624912077
2026-07-01 07:05:11.409371,0.5193284968314807,0.24744475437264674,0.046739564714833266,0.01649631695817645,0.09897790174905868,0.009245188624912077
2026-07-01 08:23:54.707058,0.5193284968314807,0.24744475437264674,0.046739564714833266,0.01649631695817645,0.09897790174905868,0.009245188624912077
2026-07-02 07:05:12.872663,0.5113574266346127,0.265575953832815,0.04842855628716038,0.016142852095720125,0.08900383317640287,0.009047092932766227
2026-07-02 18:46:39.666096,0.5216969920278597,0.2507260170641355,0.04940777395087377,0.01646925798362459,0.0908034764502545,0.009230023705108288
2026-07-03 07:05:12.354845,0.5115731539819158,0.25972175509851114,0.049652688474715365,0.016550896158238453,0.09125358962920661,0.00927577696780397
2026-07-04 07:05:15.769793,0.5384281027747696,0.23690836522089861,0.04877525166312619,0.016258417221042064,0.08964100305655624,0.009111860200803795
2026-07-05 07:05:16.615148,0.6403946608186365,0.11306278149625583,0.04821795093222675,0.016072650310742252,0.11306278149625583,0.009007749075251151
2026-07-06 08:15:49.554267,0.5490958413471086,0.21552011772874008,0.025355307968087066,0.009473411768296268,0.1436800784858267,0.0057091421914898036
2026-07-07 07:05:10.484689,0.5695542408540708,0.1862916996126856,0.02630000465120267,0.009826375364185614,0.14903335969014847,0.005921855351926429
2026-07-08 07:05:09.596853,0.558037121519399,0.19717311627018766,0.026096441859289544,0.009750318936437853,0.14787983720264075,0.005876020021296983
2026-07-09 07:05:09.898595,0.5627296805652306,0.19507962259594663,0.025819361814169408,0.009646794523975384,0.14630971694695996,0.005813631136965297
2026-07-10 07:05:10.038022,0.5513055642558125,0.1979688162554963,0.025619493868358347,0.009572118588177844,0.15018323991796273,0.005768627758438304
2026-07-11 07:05:09.462682,0.5528756416232483,0.19727608121556808,0.025529845804367634,0.00953862370712637,0.14965771678422407,0.005748442101645693
2026-07-12 07:05:09.395606,0.5528756416232483,0.19727608121556808,0.025529845804367634,0.00953862370712637,0.14965771678422407,0.005748442101645693
2026-07-13 07:05:10.564414,0.5560427788297998,0.19587870617867947,0.025349009034887935,0.00947105832072736,0.1485976391700327,0.005707723888650263
2026-07-14 07:05:09.261365,0.5590316781352247,0.19693161388854508,0.02548526767969407,0.009521968144061522,0.1493963967430342,0.005738404643109923
2026-07-15 07:05:11.543788,0.5638440139147634,0.19478247753419098,0.02520714415148354,0.009418053858796047,0.14776601743973108,0.005675780802320797
2026-07-16 07:05:11.879611,0.5638440139147634,0.19478247753419098,0.02520714415148354,0.009418053858796047,0.14776601743973108,0.005675780802320797
2026-07-17 07:05:12.675524,0.5638440139147634,0.19478247753419098,0.02520714415148354,0.009418053858796047,0.14776601743973108,0.005675780802320797
2026-07-18 07:05:10.907413,0.5967454357026963,0.17186268548237657,0.029631497496961475,0.008508053736751316,0.13220206575567428,0.005690817400078694
2026-07-19 07:05:10.373171,0.6296113957246121,0.14801390706508424,0.029092388630033803,0.008353260101692874,0.1249895215216267,0.0055872799355694055
2026-07-20 07:05:11.436113,0.701116053797397,0.0848016560307328,0.030704047873196357,0.008816013745769251,0.1113021735403368,0.005896803896176784
2026-07-21 07:05:10.424425,0.6924885094660534,0.08664984426139336,0.024848117104370154,0.008364712688599854,0.11652910090325314,0.0055949402751561935
2026-07-22 07:05:12.431066,0.6924885094660534,0.08664984426139336,0.024848117104370154,0.008364712688599854,0.11652910090325314,0.0055949402751561935
2026-07-23 07:05:11.313954,0.685767580248435,0.09372156930061945,0.024808650697222795,0.008351426967381932,0.11634401706283794,0.0055860537993746694
2026-07-24 07:05:12.099353,0.6875240220132688,0.09319770076179865,0.02466997961341729,0.008304745612437504,0.11569369749740523,0.005554829846729721
2026-07-25 07:05:08.493917,0.6675562670876203,0.08945253978974113,0.02630957052639445,0.008856687107895162,0.13252228116998685,0.00592400925759875
2026-07-26 07:05:18.793669,0.6685930548376771,0.06891651488326826,0.026350432161249625,0.008870442509727596,0.15184994804787919,0.005933209890612499
2026-07-27 07:05:10.962484,0.6947753626117884,0.048634275382825186,0.024317137691412593,0.03937060388133467,0.11403899055283147,0.005475381996741908
2026-07-28 07:05:09.207711,0.6963044730707222,0.053093216071642566,0.02498504285724356,0.040451974149822906,0.11717123546845255,0.005625771239379344
2026-07-28 12:16:58.684301,0.6963044730707222,0.053093216071642566,0.02498504285724356,0.040451974149822906,0.11717123546845255,0.005625771239379344
2026-07-28 12:40:12.773489,0.6963044730707222,0.053093216071642566,0.02498504285724356,0.040451974149822906,0.11717123546845255,0.005625771239379344
2026-07-29 07:05:16.350615,0.7004365205742017,0.04747403083891811,0.025133310444133118,0.040692026433358376,0.11786655932421049,0.005659155994043218
2026-07-30 07:05:12.146549,0.7016082345973423,0.05349762788804735,0.025175354300257576,0.04076009743851226,0.11044671563983968,0.0056686228225745535
2026-07-31 07:05:10.230801,0.7016082345973423,0.05349762788804735,0.025175354300257576,0.04076009743851226,0.11044671563983968,0.0056686228225745535
2026-08-01 07:05:08.055171,0.7016082345973423,0.05349762788804735,0.025175354300257576,0.04076009743851226,0.11044671563983968,0.0056686228225745535
2026-08-02 07:05:08.916723,0.6987624138622373,0.05328063405699559,0.02507323955623322,0.03706478890921432,0.11758484757405924,0.0056456300987545
2026-08-03 07:05:11.959776,0.7022302523232663,0.05266726892424497,0.024784597140821162,0.03663810012121389,0.11623121417764407,0.005580637766807414
2026-08-04 07:05:10.926459,0.6987624138622373,0.05328063405699559,0.02507323955623322,0.03706478890921432,0.11758484757405924,0.0056456300987545
2026-08-05 07:05:11.578217,0.7065511364575788,0.053874524154890385,0.02535271724936018,0.03747792984688027,0.10774904830978077,0.005708558850849312
2026-08-06 07:05:11.936426,0.7065511364575788,0.053874524154890385,0.02535271724936018,0.03747792984688027,0.10774904830978077,0.005708558850849312
2026-08-06 14:42:45.131460,0.7011547963132507,0.061100632250154704,0.025159083867710763,0.03719168919574634,0.10692610643777074,0.0056649592814712975
2026-08-07 07:05:11.803248,0.6964399171549801,0.06068976420921969,0.0249899029096787,0.03694159560561199,0.1171940274384932,0.005626865555821693
2026-08-08 07:05:11.911348,0.7048557338832395,0.05418578454227404,0.025499192725776016,0.03769445881201672,0.10837156908454808,0.005741540083949567
2026-08-09 07:05:11.519172,0.7048557338832395,0.05418578454227404,0.025499192725776016,0.03769445881201672,0.10837156908454808,0.005741540083949567
2026-08-10 07:05:17.858000,0.691874800918373,0.0680804804103679,0.025029588386164668,0.04052409548236184,0.10637575064119985,0.005635801358474164
2026-08-11 07:05:09.782980,0.6969586523337706,0.06123279588360985,0.02521350418736876,0.04082186392240657,0.10715739279631724,0.0056772128633810455
2026-08-12 07:05:09.979841,0.6969586523337706,0.06123279588360985,0.02521350418736876,0.04082186392240657,0.10715739279631724,0.0056772128633810455
2026-08-13 07:05:11.099751,0.6875806556877405,0.06090000093234273,0.025076470972141125,0.04060000062156182,0.11760000180038596,0.005646357702336412
2026-08-14 07:05:11.752019,0.6905342485438706,0.06116160487102853,0.025184190241011747,0.040774403247352355,0.11810516802681371,0.005670612372148341
2026-08-15 07:05:09.804677,0.6900702167385495,0.061120504911128665,0.025167266728111804,0.03720378559807832,0.12224100982225733,0.005666801779839744
2026-08-16 07:05:12.305134,0.6900702167385495,0.061120504911128665,0.025167266728111804,0.03720378559807832,0.12224100982225733,0.005666801779839744
2026-08-17 05:55:45.421785,0.6912262231873505,0.06221036008686155,0.01893358785252308,0.03786717570504616,0.1244207201737231,0.005767847955073256
2026-08-17 07:05:08.556113,0.6912262231873505,0.06221036008686155,0.01893358785252308,0.03786717570504616,0.1244207201737231,0.005767847955073256
2026-08-18 07:05:10.211485,0.6912262231873505,0.06221036008686155,0.01893358785252308,0.03786717570504616,0.1244207201737231,0.005767847955073256
2026-08-19 07:05:11.676976,0.6946307272052759,0.06152443583818156,0.018724828298577,0.037449656597154,0.12304887167636312,0.005704252329367827
2026-08-20 07:05:09.369391,0.6946307272052759,0.06152443583818156,0.018724828298577,0.037449656597154,0.12304887167636312,0.005704252329367827
2026-08-21 07:05:11.524041,0.6946307272052759,0.06152443583818156,0.018724828298577,0.037449656597154,0.12304887167636312,0.005704252329367827
2026-08-22 07:05:12.907925,0.6473316500412345,0.0976546032062205,0.018575603870748466,0.050263398709084084,0.12206825400777563,0.00565879323214854
2026-08-23 07:05:11.779261,0.6658840182500502,0.06556396487385109,0.02078857422829425,0.053270721460004014,0.12627133975704655,0.005644579757351419
2026-08-25 07:05:08.429862,0.6678707496206611,0.07433691821864749,0.01676224626498914,0.10362115872902379,0.07123954662620385,0.003405874739101379
2026-08-26 07:05:10.478602,0.6657150569461573,0.07409698025139838,0.01670814260570748,0.10651440911138517,0.07100960607425678,0.003394881565303113
2026-08-27 07:05:11.928620,0.6625596011964797,0.07259348673978822,0.016369119558971853,0.10435313718844556,0.07950715214357756,0.0033259964044126075
2026-08-28 07:05:15.405923,0.656752222157083,0.07252828888169524,0.016354418081166576,0.10425941526743693,0.08554618688610209,0.0033230092515517742
2026-08-29 07:05:09.666301,0.6771542151935751,0.07478137854746439,0.016862467711683145,0.09297144359955033,0.07166548777465337,0.0034262384593459778
2026-08-30 07:05:10.176432,0.6745090255329116,0.07390272801491031,0.01666434063081311,0.0918790672617804,0.07726194292467896,0.00338598156243613
2026-08-31 07:05:07.748790,0.6745090255329116,0.07390272801491031,0.01666434063081311,0.0918790672617804,0.07726194292467896,0.00338598156243613
2026-09-01 07:05:08.215747,0.678011990349407,0.07310737982897952,0.01648499741241695,0.09089025600359617,0.0764304425484786,0.003349541306905436
2026-09-02 07:05:09.976081,0.6755532838517939,0.07284226712836733,0.01642521709757303,0.09056065642986211,0.07977962590249756,0.003337394709068623
2026-09-03 07:05:11.612036,0.6728692211147022,0.07255285514628092,0.016359957532984915,0.09020084693861953,0.08343578341822307,0.003324134797538767
2026-09-04 07:05:08.558669,0.6742098038540221,0.0663837345333191,0.016921344096728397,0.10152806458037039,0.08629885489331483,0.0034382013901719053
2026-09-05 07:05:10.034451,0.6531388758395994,0.08817374823834592,0.014454712825958348,0.1102171852979324,0.07667282455508341,0.005009872058996927
2026-09-06 07:05:15.749571,0.6385550824871049,0.11676435794049916,0.013399188616122857,0.11273800077013714,0.06538804044667954,0.004644036963542581
2026-09-07 06:12:37.263119,0.7641310622204714,0.06583282997591755,0.012773534174431762,0.053489174355433,0.053489174355433,0.003786844202154549
2026-09-07 07:05:18.013198,0.7706396217615676,0.06639356741330431,0.01288233397571576,0.053944773523309744,0.04542717770383978,0.003819099010499805
2026-09-08 07:05:08.820576,0.7941128498161608,0.05409893789372596,0.012919149347755452,0.05091664742938914,0.05091664742938914,0.003830013302210687
2026-09-09 07:05:10.871647,0.7941128498161608,0.05409893789372596,0.012919149347755452,0.05091664742938914,0.05091664742938914,0.003830013302210687
2026-09-09 13:27:34.021314,0.7941128498161608,0.05409893789372596,0.012919149347755452,0.05091664742938914,0.05091664742938914,0.003830013302210687
2026-09-09 13:27:52.018826,0.7941128498161608,0.05409893789372596,0.012919149347755452,0.05091664742938914,0.05091664742938914,0.003830013302210687
2026-09-09 13:28:37.421080,0.7941128498161608,0.05409893789372596,0.012919149347755452,0.05091664742938914,0.05091664742938914,0.003830013302210687
2026-09-10 07:05:08.255565,0.797124182408062,0.053307679698539154,0.01273019216681532,0.0501719338339192,0.0501719338339192,0.0037739950229054267
2026-09-11 07:05:10.475807,0.7956156667176482,0.05370405750344125,0.012824849553060598,0.050544995297356475,0.050544995297356475,0.0038020571683852213
2026-09-12 07:05:09.492717,0.8086470517174388,0.05458367599092712,0.01303490769932588,0.05137287152087258,0.05137287152087258,0.00386433104360546
