tstamp,Any Other,Coalition Majority,Coalition Minority,Labor Majority,Labor Minority
2025-01-22 07:05:06.010481,0.010712137488917285,0.24102309350063894,0.3098868345008215,0.10846039207528752,0.3299175424343347
2025-01-23 07:05:06.715571,0.010706716132103434,0.2477840019143938,0.30973000239299225,0.10202870667063274,0.3297505728898777
2025-01-24 07:05:05.896689,0.010706716132103434,0.2477840019143938,0.30973000239299225,0.10202870667063274,0.3297505728898777
2025-01-25 07:05:12.245007,0.010794922852096335,0.26496628818781914,0.3122816967927869,0.07948988645634575,0.33246720571095184
2025-01-26 07:05:05.876140,0.010794922852096335,0.26496628818781914,0.3122816967927869,0.07948988645634575,0.33246720571095184
2025-01-27 07:05:05.539583,0.010794922852096335,0.26496628818781914,0.3122816967927869,0.07948988645634575,0.33246720571095184
2025-01-28 07:05:06.198974,0.010794922852096335,0.26496628818781914,0.3122816967927869,0.07948988645634575,0.33246720571095184
2025-01-29 07:05:05.080724,0.010683066424362916,0.27913818721722455,0.3090458501333558,0.07211069836444968,0.32902219786060694
2025-01-30 07:05:06.652166,0.010722756012402478,0.29949766793262095,0.3101940132159288,0.05790288246697338,0.3216826803720743
2025-01-31 07:05:06.370584,0.010722756012402478,0.29949766793262095,0.3101940132159288,0.05790288246697338,0.3216826803720743
2025-02-01 07:05:05.452142,0.010722756012402478,0.29949766793262095,0.3101940132159288,0.05790288246697338,0.3216826803720743
2025-02-02 07:05:05.520518,0.010722756012402478,0.29949766793262095,0.3101940132159288,0.05790288246697338,0.3216826803720743
2025-02-03 07:05:06.525899,0.010722756012402478,0.29949766793262095,0.3101940132159288,0.05790288246697338,0.3216826803720743
2025-02-04 07:05:05.699248,0.010631728256140276,0.29695516853357323,0.3075607102669151,0.05741133258315749,0.32744106036021386
2025-02-04 08:36:56.498419,0.010631728256140276,0.29695516853357323,0.3075607102669151,0.05741133258315749,0.32744106036021386
2025-02-05 07:05:06.037424,0.010631728256140276,0.29695516853357323,0.3075607102669151,0.05741133258315749,0.32744106036021386
2025-02-06 07:05:05.617893,0.010631728256140276,0.29695516853357323,0.3075607102669151,0.05741133258315749,0.32744106036021386
2025-02-07 07:05:05.712909,0.010631728256140276,0.29695516853357323,0.3075607102669151,0.05741133258315749,0.32744106036021386
2025-02-08 07:05:06.127782,0.010631728256140276,0.29695516853357323,0.3075607102669151,0.05741133258315749,0.32744106036021386
2025-02-09 07:05:06.202940,0.010631728256140276,0.29695516853357323,0.3075607102669151,0.05741133258315749,0.32744106036021386
2025-02-10 07:05:05.512908,0.010631728256140276,0.29695516853357323,0.3075607102669151,0.05741133258315749,0.32744106036021386
2025-02-11 07:05:06.544675,0.010631728256140276,0.29695516853357323,0.3075607102669151,0.05741133258315749,0.32744106036021386
2025-02-12 07:05:06.476958,0.010631728256140276,0.29695516853357323,0.3075607102669151,0.05741133258315749,0.32744106036021386
2025-02-13 07:05:05.533207,0.010631728256140276,0.29695516853357323,0.3075607102669151,0.05741133258315749,0.32744106036021386
2025-02-14 07:05:06.034686,0.010631728256140276,0.29695516853357323,0.3075607102669151,0.05741133258315749,0.32744106036021386
2025-02-15 07:05:06.930440,0.010631728256140276,0.29695516853357323,0.3075607102669151,0.05741133258315749,0.32744106036021386
2025-02-16 07:05:05.497401,0.010631728256140276,0.29695516853357323,0.3075607102669151,0.05741133258315749,0.32744106036021386
2025-02-17 07:05:06.429780,0.010631728256140276,0.29695516853357323,0.3075607102669151,0.05741133258315749,0.32744106036021386
2025-02-18 07:05:05.678332,0.010631728256140276,0.29695516853357323,0.3075607102669151,0.05741133258315749,0.32744106036021386
2025-02-19 07:05:07.470744,0.010631728256140276,0.29695516853357323,0.3075607102669151,0.05741133258315749,0.32744106036021386
2025-02-20 07:05:05.641576,0.010631728256140276,0.29695516853357323,0.3075607102669151,0.05741133258315749,0.32744106036021386
2025-02-21 07:05:05.952192,0.010631728256140276,0.29695516853357323,0.3075607102669151,0.05741133258315749,0.32744106036021386
2025-02-22 07:05:08.301180,0.010631728256140276,0.29695516853357323,0.3075607102669151,0.05741133258315749,0.32744106036021386
2025-02-23 07:05:05.951212,0.010631728256140276,0.29695516853357323,0.3075607102669151,0.05741133258315749,0.32744106036021386
2025-02-23 14:30:40.285800,0.010631728256140276,0.29695516853357323,0.3075607102669151,0.05741133258315749,0.32744106036021386
2025-02-23 14:32:07.127714,0.010631728256140276,0.29695516853357323,0.3075607102669151,0.05741133258315749,0.32744106036021386
2025-02-24 07:05:08.604175,0.010631728256140276,0.29695516853357323,0.3075607102669151,0.05741133258315749,0.32744106036021386
2025-02-24 18:31:00.431794,0.010631728256140276,0.29695516853357323,0.3075607102669151,0.05741133258315749,0.32744106036021386
2025-02-24 18:38:05.701717,0.010631728256140276,0.29695516853357323,0.3075607102669151,0.05741133258315749,0.32744106036021386
2025-02-25 07:05:07.772730,0.010631728256140276,0.29695516853357323,0.3075607102669151,0.05741133258315749,0.32744106036021386
2025-02-26 07:05:06.647295,0.010701083739031897,0.3295771037496516,0.3009679801602721,0.05778585219077224,0.3009679801602721
2025-02-27 07:05:13.240973,0.010701083739031897,0.3295771037496516,0.3009679801602721,0.05778585219077224,0.3009679801602721
2025-02-27 15:04:15.621570,0.010701083739031897,0.3295771037496516,0.3009679801602721,0.05778585219077224,0.3009679801602721
2025-02-28 07:05:06.027916,0.010701083739031897,0.3295771037496516,0.3009679801602721,0.05778585219077224,0.3009679801602721
2025-03-01 07:05:07.509873,0.010701083739031897,0.3295771037496516,0.3009679801602721,0.05778585219077224,0.3009679801602721
2025-03-02 07:05:05.445245,0.010701083739031897,0.3295771037496516,0.3009679801602721,0.05778585219077224,0.3009679801602721
2025-03-03 07:05:06.575560,0.010701083739031897,0.3295771037496516,0.3009679801602721,0.05778585219077224,0.3009679801602721
2025-03-04 07:05:17.138982,0.010701083739031897,0.3295771037496516,0.3009679801602721,0.05778585219077224,0.3009679801602721
2025-03-05 07:05:05.468597,0.010701083739031897,0.3295771037496516,0.3009679801602721,0.05778585219077224,0.3009679801602721
2025-03-06 07:05:04.890147,0.010701083739031897,0.3295771037496516,0.3009679801602721,0.05778585219077224,0.3009679801602721
2025-03-07 07:05:05.626420,0.010696487176370485,0.32089461529111457,0.2888051537620031,0.07876504193509176,0.30083870183541994
2025-03-08 07:05:06.347187,0.010696487176370485,0.32089461529111457,0.2888051537620031,0.07876504193509176,0.30083870183541994
2025-03-09 07:05:08.140979,0.010723860589812333,0.30160857908847183,0.28954423592493295,0.09651474530831099,0.30160857908847183
2025-03-10 07:05:05.576521,0.010723860589812333,0.30160857908847183,0.28954423592493295,0.09651474530831099,0.30160857908847183
2025-03-11 07:05:07.358157,0.010723860589812333,0.30160857908847183,0.28954423592493295,0.09651474530831099,0.30160857908847183
2025-03-12 07:05:05.686204,0.010723860589812333,0.30160857908847183,0.28954423592493295,0.09651474530831099,0.30160857908847183
2025-03-12 15:29:33.406679,0.010723860589812333,0.30160857908847183,0.28954423592493295,0.09651474530831099,0.30160857908847183
2025-03-13 20:29:27.084967,0.010723860589812333,0.30160857908847183,0.28954423592493295,0.09651474530831099,0.30160857908847183
2025-03-14 07:05:05.431968,0.010723860589812333,0.30160857908847183,0.28954423592493295,0.09651474530831099,0.30160857908847183
2025-03-14 13:48:36.692699,0.010723860589812333,0.30160857908847183,0.28954423592493295,0.09651474530831099,0.30160857908847183
2025-03-15 07:05:05.311880,0.010723860589812333,0.30160857908847183,0.28954423592493295,0.09651474530831099,0.30160857908847183
2025-03-15 17:10:08.240860,0.010723860589812333,0.30160857908847183,0.28954423592493295,0.09651474530831099,0.30160857908847183
2025-03-16 07:05:08.532591,0.010723860589812333,0.30160857908847183,0.28954423592493295,0.09651474530831099,0.30160857908847183
2025-03-16 17:11:48.112765,0.010723860589812333,0.30160857908847183,0.28954423592493295,0.09651474530831099,0.30160857908847183
2025-03-16 17:12:33.531741,0.010723860589812333,0.30160857908847183,0.28954423592493295,0.09651474530831099,0.30160857908847183
2025-03-17 07:05:05.850070,0.010723860589812333,0.30160857908847183,0.28954423592493295,0.09651474530831099,0.30160857908847183
2025-03-18 07:05:07.687619,0.010723860589812333,0.30160857908847183,0.28954423592493295,0.09651474530831099,0.30160857908847183
2025-03-18 17:08:19.925892,0.010723860589812333,0.30160857908847183,0.28954423592493295,0.09651474530831099,0.30160857908847183
2025-03-18 17:32:16.235814,0.010723860589812333,0.30160857908847183,0.28954423592493295,0.09651474530831099,0.30160857908847183
2025-03-19 07:05:05.926999,0.010723860589812333,0.30160857908847183,0.28954423592493295,0.09651474530831099,0.30160857908847183
2025-03-20 07:05:16.807400,0.01079830312379483,0.21866563825684535,0.3123794832240648,0.14577709217123022,0.3123794832240648
2025-03-20 13:49:59.018325,0.010756537970689404,0.2012193015302175,0.3226961391206821,0.13404301163474489,0.3312850097436661
2025-03-21 07:05:06.735017,0.010923714062781344,0.1966268531300642,0.3160074425304603,0.1361262829361983,0.3403157073404957
2025-03-21 10:56:18.152853,0.010695552376027423,0.20007846246148298,0.3094070508779362,0.13328303730126484,0.34653589698328857
2025-03-21 15:24:31.128858,0.010695552376027423,0.20007846246148298,0.3094070508779362,0.13328303730126484,0.34653589698328857
2025-03-23 06:19:42.914448,0.010653991148991968,0.1917718406818554,0.319619734469759,0.13276512047205377,0.3451893132273398
2025-03-23 12:12:39.865025,0.010643200825892719,0.19909913785157282,0.307892595320468,0.12315703812818718,0.35920802787387934
2025-03-23 12:29:29.046888,0.010643200825892719,0.19909913785157282,0.307892595320468,0.12315703812818718,0.35920802787387934
2025-03-23 12:35:08.242230,0.010643200825892719,0.19909913785157282,0.307892595320468,0.12315703812818718,0.35920802787387934
2025-03-24 18:39:49.711323,0.010674954394973313,0.19214917910951965,0.28822376866427946,0.14411188433213973,0.3648402134990879
2025-03-24 20:52:53.142030,0.01082496726320384,0.19484941073766912,0.2828459188127455,0.14613705805325183,0.36534264513312964
2025-03-25 07:08:15.313743,0.01082496726320384,0.19484941073766912,0.2828459188127455,0.14613705805325183,0.36534264513312964
2025-03-25 09:25:00.401161,0.010921501706484642,0.19658703071672357,0.27645051194539255,0.14744027303754267,0.3686006825938567
2025-03-25 20:05:05.929264,0.010653753026634382,0.19176755447941887,0.26150121065375304,0.14382566585956416,0.3922518159806295
2025-03-26 07:05:05.690619,0.010736328405339458,0.19325391129611025,0.25577723553896947,0.14494043347208269,0.3952920912874982
2025-03-26 20:05:05.794580,0.010882776945473047,0.17630098651666337,0.2518585521666619,0.1602736241060576,0.400684060265144
2025-03-27 07:05:05.607958,0.010882776945473047,0.17630098651666337,0.2518585521666619,0.1602736241060576,0.400684060265144
2025-03-27 19:47:26.157417,0.010659062279378176,0.17267680892592646,0.26163152867564615,0.14389734077160538,0.41113525934744394
2025-03-28 07:05:05.249022,0.010689988854805575,0.17317781944785035,0.27059034288726613,0.1332137072675772,0.41232814154250075
2025-03-28 08:24:22.560640,0.010689988854805575,0.17317781944785035,0.27059034288726613,0.1332137072675772,0.41232814154250075
2025-03-28 09:47:30.276031,0.010882776945473047,0.17630098651666337,0.26712270684342937,0.12592927608333096,0.41976425361110326
2025-03-28 10:10:49.932888,0.010882776945473047,0.17630098651666337,0.26712270684342937,0.12592927608333096,0.41976425361110326
2025-03-28 10:28:58.099079,0.010882776945473047,0.17630098651666337,0.26712270684342937,0.12592927608333096,0.41976425361110326
2025-03-28 12:00:52.046773,0.010698403620694755,0.17331413865525505,0.27953893331492746,0.12379581332518216,0.4126527110839405
2025-03-28 13:13:16.278530,0.010698403620694755,0.17331413865525505,0.27953893331492746,0.12379581332518216,0.4126527110839405
2025-03-28 13:55:27.092207,0.010698403620694755,0.17331413865525505,0.27953893331492746,0.12379581332518216,0.4126527110839405
2025-03-28 14:13:42.543531,0.010698403620694755,0.17331413865525505,0.27953893331492746,0.12379581332518216,0.4126527110839405
2025-03-28 14:17:31.550150,0.010698403620694755,0.17331413865525505,0.27953893331492746,0.12379581332518216,0.4126527110839405
2025-03-28 14:29:54.558909,0.010698403620694755,0.17331413865525505,0.27953893331492746,0.12379581332518216,0.4126527110839405
2025-03-28 15:08:47.159079,0.010698403620694755,0.17331413865525505,0.27953893331492746,0.12379581332518216,0.4126527110839405
2025-03-28 16:08:02.902881,0.010698403620694755,0.17331413865525505,0.27953893331492746,0.12379581332518216,0.4126527110839405
2025-03-28 16:23:10.588385,0.010698403620694755,0.17331413865525505,0.27953893331492746,0.12379581332518216,0.4126527110839405
2025-03-28 16:25:58.753379,0.010698403620694755,0.17331413865525505,0.27953893331492746,0.12379581332518216,0.4126527110839405
2025-03-28 17:17:13.429391,0.010698403620694755,0.17331413865525505,0.27953893331492746,0.12379581332518216,0.4126527110839405
2025-03-28 17:17:21.768846,0.010698403620694755,0.17331413865525505,0.27953893331492746,0.12379581332518216,0.4126527110839405
2025-03-28 17:17:46.242514,0.010698403620694755,0.17331413865525505,0.27953893331492746,0.12379581332518216,0.4126527110839405
2025-03-28 17:17:54.287381,0.010698403620694755,0.17331413865525505,0.27953893331492746,0.12379581332518216,0.4126527110839405
2025-03-28 19:13:51.715141,0.010698403620694755,0.17331413865525505,0.27953893331492746,0.12379581332518216,0.4126527110839405
2025-03-28 21:05:05.427193,0.010698403620694755,0.17331413865525505,0.27953893331492746,0.12379581332518216,0.4126527110839405
2025-03-29 06:05:04.965581,0.01088409131614841,0.17632227932160424,0.31486121307429327,0.1259444852297173,0.37198793105823674
2025-03-29 09:05:08.498245,0.010487826156221196,0.16990278373078338,0.33980556746156676,0.12135913123627383,0.3584446914151548
2025-03-29 12:05:05.717841,0.01053974789205042,0.17074391585121682,0.3161924367615126,0.13134147373170524,0.37118242576351484
2025-03-29 15:05:05.319799,0.01053974789205042,0.17074391585121682,0.3161924367615126,0.13134147373170524,0.37118242576351484
2025-03-29 17:05:04.206518,0.01053974789205042,0.17074391585121682,0.3161924367615126,0.13134147373170524,0.37118242576351484
2025-03-29 21:05:05.013207,0.010648060118550608,0.19166508213391092,0.29947669083423584,0.1232132670860856,0.3749968998272171
2025-03-30 06:05:04.751933,0.010557723204039478,0.1900390176727106,0.30541984983114207,0.12216793993245681,0.3718154693596512
2025-03-30 09:05:05.166456,0.010557723204039478,0.1900390176727106,0.30541984983114207,0.12216793993245681,0.3718154693596512
2025-03-30 10:40:57.024797,0.010622464762015933,0.1912043657162868,0.307292730615461,0.13237225318819856,0.3585081857180378
2025-03-30 10:42:33.925724,0.010622464762015933,0.1912043657162868,0.307292730615461,0.13237225318819856,0.3585081857180378
2025-03-30 10:48:36.898279,0.010622464762015933,0.1912043657162868,0.307292730615461,0.13237225318819856,0.3585081857180378
2025-03-30 11:31:48.174397,0.010622464762015933,0.1912043657162868,0.307292730615461,0.13237225318819856,0.3585081857180378
2025-03-30 11:54:18.408928,0.010622464762015933,0.1912043657162868,0.307292730615461,0.13237225318819856,0.3585081857180378
2025-03-30 12:05:04.945184,0.010622464762015933,0.1912043657162868,0.307292730615461,0.13237225318819856,0.3585081857180378
2025-03-30 12:08:20.788811,0.010622464762015933,0.1912043657162868,0.307292730615461,0.13237225318819856,0.3585081857180378
2025-03-30 14:16:50.744924,0.010622464762015933,0.1912043657162868,0.307292730615461,0.13237225318819856,0.3585081857180378
2025-03-30 15:05:06.087523,0.010622464762015933,0.1912043657162868,0.307292730615461,0.13237225318819856,0.3585081857180378
2025-03-30 16:04:33.223826,0.008704731549156453,0.15985052481178216,0.30527009946694506,0.15985052481178216,0.3663241193603341
2025-03-30 16:28:30.436329,0.008704731549156453,0.15985052481178216,0.30527009946694506,0.15985052481178216,0.3663241193603341
2025-03-30 16:40:10.573253,0.008385022405630523,0.18819716954859617,0.2940580774196815,0.1411478771614471,0.3682118534646447
2025-03-30 16:51:51.797167,0.008385022405630523,0.18819716954859617,0.2940580774196815,0.1411478771614471,0.3682118534646447
2025-03-30 17:05:04.117986,0.008385022405630523,0.18819716954859617,0.2940580774196815,0.1411478771614471,0.3682118534646447
2025-03-30 19:05:38.808407,0.008581991575722444,0.17335622982959337,0.27960682230579575,0.14446352485799446,0.393991431430894
2025-03-30 19:18:05.818294,0.008581991575722444,0.17335622982959337,0.27960682230579575,0.14446352485799446,0.393991431430894
2025-03-30 20:10:48.528254,0.008524928958925341,0.1565486954275381,0.28700594161715315,0.1565486954275381,0.3913717385688452
2025-03-30 21:05:04.979003,0.008524928958925341,0.1565486954275381,0.28700594161715315,0.1565486954275381,0.3913717385688452
2025-03-31 05:43:10.401524,0.008604592480444108,0.15801160736815542,0.2803431743628564,0.15801160736815542,0.39502901842038857
2025-03-31 06:02:09.562727,0.008604592480444108,0.15801160736815542,0.2803431743628564,0.15801160736815542,0.39502901842038857
2025-03-31 06:03:03.973299,0.008604592480444108,0.15801160736815542,0.2803431743628564,0.15801160736815542,0.39502901842038857
2025-03-31 06:05:04.660752,0.008604592480444108,0.15801160736815542,0.2803431743628564,0.15801160736815542,0.39502901842038857
2025-03-31 09:05:07.568940,0.008604592480444108,0.15801160736815542,0.2803431743628564,0.15801160736815542,0.39502901842038857
2025-03-31 18:16:57.363374,0.008544586090115455,0.15690967183666563,0.27838812745214864,0.17260063902033218,0.38355697560073815
2025-03-31 18:19:06.239681,0.008544586090115455,0.15690967183666563,0.27838812745214864,0.17260063902033218,0.38355697560073815
2025-03-31 18:19:32.246410,0.008544586090115455,0.15690967183666563,0.27838812745214864,0.17260063902033218,0.38355697560073815
2025-03-31 18:38:12.356290,0.008544586090115455,0.15690967183666563,0.27838812745214864,0.17260063902033218,0.38355697560073815
2025-03-31 18:39:28.325745,0.008544586090115455,0.15690967183666563,0.27838812745214864,0.17260063902033218,0.38355697560073815
2025-03-31 19:27:04.636682,0.008657793721082503,0.14573952763822215,0.2820765051062364,0.17488743316586658,0.38863874036859236
2025-03-31 20:10:37.980291,0.008657793721082503,0.14573952763822215,0.2820765051062364,0.17488743316586658,0.38863874036859236
2025-03-31 21:05:05.953462,0.008771995591509908,0.14766192579041676,0.27260663222846176,0.17719431094850013,0.3937651354411114
2025-03-31 21:58:41.561278,0.008771995591509908,0.14766192579041676,0.27260663222846176,0.17719431094850013,0.3937651354411114
2025-03-31 23:05:04.810825,0.008602624903496196,0.14481085254218595,0.26734311238557407,0.1930811367229146,0.3861622734458292
2025-04-01 06:05:04.813512,0.008527781550969563,0.14355098944132097,0.2650172112762849,0.19140131925509463,0.3915026984763299
2025-04-01 06:38:26.696438,0.008527781550969563,0.14355098944132097,0.2650172112762849,0.19140131925509463,0.3915026984763299
2025-04-01 07:03:26.745515,0.008527781550969563,0.14355098944132097,0.2650172112762849,0.19140131925509463,0.3915026984763299
2025-04-01 07:17:07.098211,0.008527781550969563,0.14355098944132097,0.2650172112762849,0.19140131925509463,0.3915026984763299
2025-04-01 09:05:05.802002,0.008527781550969563,0.14355098944132097,0.2650172112762849,0.19140131925509463,0.3915026984763299
2025-04-01 12:25:01.104155,0.008602624903496196,0.14481085254218595,0.26734311238557407,0.1930811367229146,0.3861622734458292
2025-04-01 13:15:17.242556,0.008602624903496196,0.14481085254218595,0.26734311238557407,0.1930811367229146,0.3861622734458292
2025-04-01 13:16:50.411861,0.008602624903496196,0.14481085254218595,0.26734311238557407,0.1930811367229146,0.3861622734458292
2025-04-01 15:05:04.370169,0.008360487051963643,0.16888183844966562,0.25981821299948554,0.18764648716629512,0.37529297433259023
2025-04-01 15:32:17.256011,0.008360487051963643,0.16888183844966562,0.25981821299948554,0.18764648716629512,0.37529297433259023
2025-04-01 16:01:45.963619,0.008360487051963643,0.16888183844966562,0.25981821299948554,0.18764648716629512,0.37529297433259023
2025-04-01 17:03:59.865751,0.008360487051963643,0.16888183844966562,0.25981821299948554,0.18764648716629512,0.37529297433259023
2025-04-01 17:08:36.211005,0.008360487051963643,0.16888183844966562,0.25981821299948554,0.18764648716629512,0.37529297433259023
2025-04-01 17:11:20.306520,0.008360487051963643,0.16888183844966562,0.25981821299948554,0.18764648716629512,0.37529297433259023
2025-04-01 18:05:05.598703,0.008360487051963643,0.16888183844966562,0.25981821299948554,0.18764648716629512,0.37529297433259023
2025-04-01 18:45:21.807241,0.008360487051963643,0.16888183844966562,0.25981821299948554,0.18764648716629512,0.37529297433259023
2025-04-01 18:53:18.446409,0.008360487051963643,0.16888183844966562,0.25981821299948554,0.18764648716629512,0.37529297433259023
2025-04-01 18:56:20.807981,0.008360487051963643,0.16888183844966562,0.25981821299948554,0.18764648716629512,0.37529297433259023
2025-04-01 19:58:27.866447,0.008360487051963643,0.16888183844966562,0.25981821299948554,0.18764648716629512,0.37529297433259023
2025-04-01 21:05:05.285878,0.008142221444563303,0.16447287318017872,0.2530351895079673,0.18274763686686524,0.3916020790004255
2025-04-01 23:05:04.767124,0.008142221444563303,0.16447287318017872,0.2530351895079673,0.18274763686686524,0.3916020790004255
2025-04-02 06:05:05.494152,0.008422059907405018,0.1546596455723467,0.26173170789166367,0.17012561012958138,0.4050609764990033
2025-04-02 09:05:04.396687,0.008422059907405018,0.1546596455723467,0.26173170789166367,0.17012561012958138,0.4050609764990033
2025-04-02 12:05:04.361476,0.008655801741114183,0.15895199560955137,0.26899568487770237,0.17484719517050654,0.38854932260112557
2025-04-02 15:05:10.846551,0.008655801741114183,0.15895199560955137,0.26899568487770237,0.17484719517050654,0.38854932260112557
2025-04-02 18:05:05.213066,0.008729537740586485,0.16030605669077,0.2712871728613031,0.17633666235984702,0.3833405703474935
2025-04-02 19:12:26.244850,0.008729537740586485,0.16030605669077,0.2712871728613031,0.17633666235984702,0.3833405703474935
2025-04-02 21:05:07.175285,0.008729537740586485,0.16030605669077,0.2712871728613031,0.17633666235984702,0.3833405703474935
2025-04-02 23:05:04.623361,0.008729537740586485,0.16030605669077,0.2712871728613031,0.17633666235984702,0.3833405703474935
2025-04-03 06:05:04.815744,0.008729537740586485,0.16030605669077,0.2712871728613031,0.17633666235984702,0.3833405703474935
2025-04-03 09:05:06.676091,0.008729537740586485,0.16030605669077,0.2712871728613031,0.17633666235984702,0.3833405703474935
2025-04-03 10:48:38.737884,0.008729537740586485,0.16030605669077,0.2712871728613031,0.17633666235984702,0.3833405703474935
2025-04-03 12:05:05.014494,0.008655801741114183,0.15895199560955137,0.26899568487770237,0.17484719517050654,0.38854932260112557
2025-04-03 13:07:02.088834,0.008655801741114183,0.15895199560955137,0.26899568487770237,0.17484719517050654,0.38854932260112557
2025-04-03 15:05:05.925873,0.00861483840651595,0.15819975982874745,0.26366626638124574,0.1740197358116222,0.39549939957186864
2025-04-03 15:15:54.067627,0.00861483840651595,0.15819975982874745,0.26366626638124574,0.1740197358116222,0.39549939957186864
2025-04-03 15:46:49.359432,0.008451425644527916,0.15519890729042174,0.25866484548403623,0.18968755335495988,0.3879972682260543
2025-04-03 16:49:32.951287,0.008451425644527916,0.15519890729042174,0.25866484548403623,0.18968755335495988,0.3879972682260543
2025-04-03 17:00:48.520472,0.008451425644527916,0.15519890729042174,0.25866484548403623,0.18968755335495988,0.3879972682260543
2025-04-03 18:05:04.997813,0.008451425644527916,0.15519890729042174,0.25866484548403623,0.18968755335495988,0.3879972682260543
2025-04-03 21:05:06.647772,0.008530228149752895,0.14359217385417372,0.24615801232144066,0.19145623180556495,0.41026335386906776
2025-04-03 23:05:07.400385,0.008404839149813529,0.14148145902186107,0.25723901640338376,0.1886419453624814,0.4042327400624602
2025-04-04 06:05:05.105424,0.008628667375895615,0.1452492341609095,0.2563221779310168,0.19366564554787935,0.39613427498429865
2025-04-04 09:05:04.929510,0.008628667375895615,0.1452492341609095,0.2563221779310168,0.19366564554787935,0.39613427498429865
2025-04-04 12:05:06.303683,0.008468913709597709,0.14256004744489473,0.25157655431452014,0.19008006325985966,0.4073144212711278
2025-04-04 15:05:05.069989,0.008530228149752895,0.14359217385417372,0.24615801232144066,0.19145623180556495,0.41026335386906776
2025-04-04 17:51:02.764789,0.008530228149752895,0.14359217385417372,0.24615801232144066,0.19145623180556495,0.41026335386906776
2025-04-04 18:05:04.834002,0.008530228149752895,0.14359217385417372,0.24615801232144066,0.19145623180556495,0.41026335386906776
2025-04-04 18:33:53.601141,0.008530228149752895,0.14359217385417372,0.24615801232144066,0.19145623180556495,0.41026335386906776
2025-04-04 19:17:44.020972,0.008450224668671747,0.13130349100551486,0.24384934043881326,0.18966059811907698,0.42673634576792324
2025-04-04 20:32:16.715132,0.008450224668671747,0.13130349100551486,0.24384934043881326,0.18966059811907698,0.42673634576792324
2025-04-04 21:05:05.425346,0.008450224668671747,0.13130349100551486,0.24384934043881326,0.18966059811907698,0.42673634576792324
2025-04-04 23:05:05.277616,0.008358763433726948,0.14070585113440362,0.2412100305161205,0.18760780151253817,0.4221175534032109
2025-04-05 06:05:06.451433,0.00844454430864617,0.13121522694973278,0.23691638199257306,0.1969743591624164,0.4264494875866315
2025-04-05 07:34:57.600357,0.00844454430864617,0.13121522694973278,0.23691638199257306,0.1969743591624164,0.4264494875866315
2025-04-05 07:39:29.453520,0.00844454430864617,0.13121522694973278,0.23691638199257306,0.1969743591624164,0.4264494875866315
2025-04-05 07:57:29.241408,0.00844454430864617,0.13121522694973278,0.23691638199257306,0.1969743591624164,0.4264494875866315
2025-04-05 08:02:57.210386,0.00844454430864617,0.13121522694973278,0.23691638199257306,0.1969743591624164,0.4264494875866315
2025-04-05 09:05:05.819840,0.00844454430864617,0.13121522694973278,0.23691638199257306,0.1969743591624164,0.4264494875866315
2025-04-05 11:18:51.421591,0.0085419095913442,0.1150310491634352,0.23964801909049002,0.20541258779184857,0.431366434362882
2025-04-05 12:05:04.747702,0.0085419095913442,0.1150310491634352,0.23964801909049002,0.20541258779184857,0.431366434362882
2025-04-05 12:37:44.356885,0.0085419095913442,0.1150310491634352,0.23964801909049002,0.20541258779184857,0.431366434362882
2025-04-05 13:22:57.692527,0.0085419095913442,0.1150310491634352,0.23964801909049002,0.20541258779184857,0.431366434362882
2025-04-05 15:05:05.741951,0.0085419095913442,0.1150310491634352,0.23964801909049002,0.20541258779184857,0.431366434362882
2025-04-05 15:26:12.947333,0.0085419095913442,0.1150310491634352,0.23964801909049002,0.20541258779184857,0.431366434362882
2025-04-05 17:34:27.131566,0.0085419095913442,0.1150310491634352,0.23964801909049002,0.20541258779184857,0.431366434362882
2025-04-05 18:05:06.818750,0.0085419095913442,0.1150310491634352,0.23964801909049002,0.20541258779184857,0.431366434362882
2025-04-05 19:05:06.353789,0.0085419095913442,0.1150310491634352,0.23964801909049002,0.20541258779184857,0.431366434362882
2025-04-05 21:05:05.903479,0.008660508083140879,0.11662817551963049,0.19438029253271746,0.19438029253271746,0.48595073133179373
2025-04-05 23:05:05.427446,0.008584267786357552,0.10200129957907209,0.19266912142713616,0.19266912142713616,0.5040761897802981
2025-04-06 06:05:03.568012,0.008584267786357552,0.10200129957907209,0.19266912142713616,0.19266912142713616,0.5040761897802981
2025-04-06 08:02:18.896520,0.008584267786357552,0.10200129957907209,0.19266912142713616,0.19266912142713616,0.5040761897802981
2025-04-06 09:05:05.507933,0.008584267786357552,0.10200129957907209,0.19266912142713616,0.19266912142713616,0.5040761897802981
2025-04-06 12:05:05.087468,0.008609557572243666,0.11594204197288137,0.20703936066585957,0.19323673662146892,0.47517230316754655
2025-04-06 15:05:05.296641,0.008339108726616973,0.11229999751844189,0.19451500724903328,0.22459999503688377,0.46024589146902406
2025-04-06 16:28:38.455285,0.008339108726616973,0.11229999751844189,0.19451500724903328,0.22459999503688377,0.46024589146902406
2025-04-06 18:05:06.461766,0.008339108726616973,0.11229999751844189,0.19451500724903328,0.22459999503688377,0.46024589146902406
2025-04-06 21:05:04.966562,0.008894431646149198,0.11229219953263363,0.16333410841110346,0.22458439906526725,0.4908948613448464
2025-04-06 23:05:05.753770,0.008894431646149198,0.11229219953263363,0.16333410841110346,0.22458439906526725,0.4908948613448464
2025-04-07 06:05:06.595088,0.008582902592263273,0.10835914522732382,0.19263848040413123,0.21671829045464763,0.47370118132163413
2025-04-07 09:05:05.714817,0.008582902592263273,0.10835914522732382,0.19263848040413123,0.21671829045464763,0.47370118132163413
2025-04-07 12:05:04.870021,0.008429339235978722,0.0851363262833851,0.2027055387699645,0.2579888675254094,0.4457399281852623
2025-04-07 15:05:05.850275,0.008601267541274563,0.1022032966669095,0.19305067148194016,0.24131333935242522,0.45483142495745066
2025-04-07 18:05:05.965576,0.008601267541274563,0.1022032966669095,0.19305067148194016,0.24131333935242522,0.45483142495745066
2025-04-07 21:05:05.335300,0.008572365315506418,0.09620098854068312,0.199955865327055,0.2623663323836813,0.4329044484330741
2025-04-07 21:19:41.296198,0.00863902974342216,0.0969491115650709,0.2015108554470296,0.2566300012016583,0.4362710020428191
2025-04-07 23:05:06.911186,0.008669004302934349,0.08755694345963692,0.20846891299913553,0.2575204219401086,0.43778471729818463
2025-04-08 06:05:08.363219,0.008546197855505394,0.08631659834060448,0.19934549270347454,0.25387234806060144,0.45191936303981406
2025-04-08 08:15:21.748103,0.008546197855505394,0.08631659834060448,0.19934549270347454,0.25387234806060144,0.45191936303981406
2025-04-08 09:05:25.723030,0.00860378295994641,0.0724151732462156,0.20068870183708715,0.2633279027135113,0.4549644392432394
2025-04-08 11:10:09.553139,0.008550667979147658,0.07196812215782612,0.20562320616521748,0.261702262392095,0.4521557413057139
2025-04-08 12:05:05.644436,0.008670357511494793,0.07960964624190674,0.20850145444308904,0.26536548747302247,0.43785305433048705
2025-04-08 15:05:05.125099,0.008670357511494793,0.07960964624190674,0.20850145444308904,0.26536548747302247,0.43785305433048705
2025-04-08 17:01:47.733272,0.008670357511494793,0.07960964624190674,0.20850145444308904,0.26536548747302247,0.43785305433048705
2025-04-08 18:05:04.687550,0.008580900994604432,0.0787882727686407,0.21666775011376194,0.26262757589546903,0.4333355002275239
2025-04-08 18:50:02.798420,0.008637612877895565,0.07269990838895433,0.218099725166863,0.26436330323256124,0.436199450333726
2025-04-08 20:01:23.626557,0.008637612877895565,0.07269990838895433,0.218099725166863,0.26436330323256124,0.436199450333726
2025-04-08 21:05:06.315913,0.008637612877895565,0.07269990838895433,0.218099725166863,0.26436330323256124,0.436199450333726
2025-04-08 23:05:05.497393,0.008580900994604432,0.0787882727686407,0.21666775011376194,0.26262757589546903,0.4333355002275239
2025-04-09 05:55:49.946380,0.00872497462161399,0.08011113061663754,0.20351557431478356,0.2670371020554585,0.44061121839150647
2025-04-09 06:05:05.558024,0.00872497462161399,0.08011113061663754,0.20351557431478356,0.2670371020554585,0.44061121839150647
2025-04-09 09:05:05.202711,0.00872497462161399,0.08011113061663754,0.20351557431478356,0.2670371020554585,0.44061121839150647
2025-04-09 12:05:05.891162,0.00872497462161399,0.08011113061663754,0.20351557431478356,0.2670371020554585,0.44061121839150647
2025-04-09 15:05:05.703560,0.005945494336236604,0.0816154222519752,0.19950436550482825,0.26404989552109626,0.4488848223858636
2025-04-09 17:41:44.166502,0.0057923603723853126,0.0795133105663802,0.20824914672147193,0.26912197422467143,0.43732320811509107
2025-04-09 18:05:05.228252,0.0057923603723853126,0.0795133105663802,0.20824914672147193,0.26912197422467143,0.43732320811509107
2025-04-09 19:03:44.660094,0.005873909481548758,0.08063275742853296,0.19710229593641387,0.2729108712965731,0.44348016585693123
2025-04-09 20:14:37.517080,0.005901449257129258,0.06854760290973215,0.205801117280951,0.2741904116389286,0.44555941891325895
2025-04-09 21:05:06.260689,0.005901449257129258,0.06854760290973215,0.205801117280951,0.2741904116389286,0.44555941891325895
2025-04-09 23:05:05.135648,0.005869212203495151,0.06817315713290521,0.19694467616172615,0.2858874331379896,0.4431255213638839
2025-04-10 06:05:09.397284,0.005987125451819982,0.06954276486344749,0.18081118864496346,0.2916309494273604,0.4520279716124086
2025-04-10 07:48:14.220505,0.005987125451819982,0.06954276486344749,0.18081118864496346,0.2916309494273604,0.4520279716124086
2025-04-10 08:44:08.471698,0.005987125451819982,0.06954276486344749,0.18081118864496346,0.2916309494273604,0.4520279716124086
2025-04-10 09:05:09.382635,0.005987125451819982,0.06954276486344749,0.18081118864496346,0.2916309494273604,0.4520279716124086
2025-04-10 10:24:35.110081,0.005987125451819982,0.06954276486344749,0.18081118864496346,0.2916309494273604,0.4520279716124086
2025-04-10 11:09:36.972917,0.005987125451819982,0.06954276486344749,0.18081118864496346,0.2916309494273604,0.4520279716124086
2025-04-10 12:05:05.810221,0.005987125451819982,0.06954276486344749,0.18081118864496346,0.2916309494273604,0.4520279716124086
2025-04-10 14:40:40.308996,0.005923051284283109,0.05962538292844996,0.19875127642816653,0.2885099173957256,0.44719037196337474
2025-04-10 14:42:34.435978,0.005923051284283109,0.05962538292844996,0.19875127642816653,0.2885099173957256,0.44719037196337474
2025-04-10 15:05:23.536717,0.005923051284283109,0.05962538292844996,0.19875127642816653,0.2885099173957256,0.44719037196337474
2025-04-10 18:05:04.868946,0.005923051284283109,0.05962538292844996,0.19875127642816653,0.2885099173957256,0.44719037196337474
2025-04-10 20:07:24.215223,0.005923051284283109,0.05962538292844996,0.19875127642816653,0.2885099173957256,0.44719037196337474
2025-04-10 21:05:05.953900,0.005923051284283109,0.05962538292844996,0.19875127642816653,0.2885099173957256,0.44719037196337474
2025-04-10 23:05:05.640531,0.005852231163130944,0.04909371697959847,0.19637486791839387,0.3068357311224904,0.44184345281638626
2025-04-11 06:05:04.591114,0.005852231163130944,0.04909371697959847,0.19637486791839387,0.3068357311224904,0.44184345281638626
2025-04-11 09:05:05.199973,0.005852231163130944,0.04909371697959847,0.19637486791839387,0.3068357311224904,0.44184345281638626
2025-04-11 12:05:05.601649,0.005852231163130944,0.04909371697959847,0.19637486791839387,0.3068357311224904,0.44184345281638626
2025-04-11 15:05:05.993749,0.005852231163130944,0.04909371697959847,0.19637486791839387,0.3068357311224904,0.44184345281638626
2025-04-11 18:03:15.177170,0.005984440454817475,0.060243367245162584,0.18073010173548776,0.3227323245276567,0.43030976603687554
2025-04-11 18:05:05.468872,0.005984440454817475,0.060243367245162584,0.18073010173548776,0.3227323245276567,0.43030976603687554
2025-04-11 20:33:03.553486,0.0060271576633537,0.05353534159802404,0.18202016143328176,0.3250360025594317,0.4333813367459089
2025-04-11 21:05:05.108082,0.0060271576633537,0.05353534159802404,0.18202016143328176,0.3250360025594317,0.4333813367459089
2025-04-11 23:05:04.300423,0.0060271576633537,0.05353534159802404,0.18202016143328176,0.3250360025594317,0.4333813367459089
2025-04-12 06:05:05.107348,0.0060271576633537,0.05353534159802404,0.18202016143328176,0.3250360025594317,0.4333813367459089
2025-04-12 08:30:15.493097,0.0060271576633537,0.05353534159802404,0.18202016143328176,0.3250360025594317,0.4333813367459089
2025-04-12 09:05:05.620865,0.0060271576633537,0.05353534159802404,0.18202016143328176,0.3250360025594317,0.4333813367459089
2025-04-12 12:05:07.425929,0.005907678050852367,0.0524740815105122,0.19823541903971273,0.3185926377423955,0.4247901836565273
2025-04-12 15:05:04.913584,0.005873654359297535,0.05217187107376046,0.1970937351675395,0.3225170211832465,0.42234371821615607
2025-04-12 16:34:02.795233,0.005873654359297535,0.05217187107376046,0.1970937351675395,0.3225170211832465,0.42234371821615607
2025-04-12 18:05:05.646103,0.005873654359297535,0.05217187107376046,0.1970937351675395,0.3225170211832465,0.42234371821615607
2025-04-12 21:05:05.286146,0.005873654359297535,0.05217187107376046,0.1970937351675395,0.3225170211832465,0.42234371821615607
2025-04-12 23:05:04.915702,0.005918646790660752,0.059581044359318235,0.19860348119772744,0.31031793937144914,0.4255788882808445
2025-04-13 06:05:05.040972,0.005918646790660752,0.059581044359318235,0.19860348119772744,0.31031793937144914,0.4255788882808445
2025-04-13 09:05:05.212959,0.005918646790660752,0.059581044359318235,0.19860348119772744,0.31031793937144914,0.4255788882808445
2025-04-13 12:05:04.746086,0.005918646790660752,0.059581044359318235,0.19860348119772744,0.31031793937144914,0.4255788882808445
2025-04-13 15:05:05.703513,0.005866631901440583,0.05905742780783521,0.19685809269278404,0.295287139039176,0.4429307085587641
2025-04-13 18:05:05.531899,0.005897932250787448,0.06361341213349318,0.197908393304201,0.28728637737706597,0.4452938849344523
2025-04-13 20:25:48.436361,0.005873654359297535,0.05217187107376046,0.1970937351675395,0.3225170211832465,0.42234371821615607
2025-04-13 21:05:06.212013,0.005873654359297535,0.05217187107376046,0.1970937351675395,0.3225170211832465,0.42234371821615607
2025-04-13 23:05:05.470157,0.005910706538395711,0.05950111248651682,0.19833704162172272,0.33056173603620453,0.40568940331716014
2025-04-14 06:05:04.359539,0.005964478218609172,0.060042414067332336,0.2001413802244411,0.3335689670407352,0.4002827604488822
2025-04-14 09:05:06.127643,0.005964478218609172,0.060042414067332336,0.2001413802244411,0.3335689670407352,0.4002827604488822
2025-04-14 12:05:04.368309,0.005964478218609172,0.060042414067332336,0.2001413802244411,0.3335689670407352,0.4002827604488822
2025-04-14 15:05:05.786266,0.005910706538395711,0.05950111248651682,0.19833704162172272,0.33056173603620453,0.40568940331716014
2025-04-14 18:05:05.915271,0.005910706538395711,0.05950111248651682,0.19833704162172272,0.33056173603620453,0.40568940331716014
2025-04-14 19:11:46.242383,0.005880137930475257,0.05222946044128022,0.17758016550035277,0.3415003182699091,0.4228099178579827
2025-04-14 20:57:20.647199,0.006007640486362143,0.060476914229378904,0.18143074268813672,0.3489052744002629,0.40317942819585934
2025-04-14 21:05:05.254278,0.006007640486362143,0.060476914229378904,0.18143074268813672,0.3489052744002629,0.40317942819585934
2025-04-14 23:05:05.449492,0.006030309921382626,0.06070511987525176,0.1821153596257553,0.3372506659736209,0.4138985446039893
2025-04-15 06:05:04.520124,0.005761316872427983,0.057997256515775024,0.1739917695473251,0.3479835390946502,0.4142661179698216
2025-04-15 09:05:05.887579,0.0058621499984397325,0.0590123099842933,0.17703692995287992,0.3365721101765778,0.42151649988780926
2025-04-15 12:05:06.410827,0.0058330780134202885,0.05871965200176424,0.1957321733392141,0.32028901091871403,0.4194260857268874
2025-04-15 13:03:27.608371,0.0058330780134202885,0.05871965200176424,0.1957321733392141,0.32028901091871403,0.4194260857268874
2025-04-15 13:28:20.793908,0.0058330780134202885,0.05871965200176424,0.1957321733392141,0.32028901091871403,0.4194260857268874
2025-04-15 15:05:05.433809,0.0058330780134202885,0.05871965200176424,0.1957321733392141,0.32028901091871403,0.4194260857268874
2025-04-15 15:40:15.440582,0.005817550534198886,0.04880278503689065,0.17569002613280638,0.35138005226561275,0.41830958603049134
2025-04-15 17:03:36.576274,0.005817550534198886,0.04880278503689065,0.17569002613280638,0.35138005226561275,0.41830958603049134
2025-04-15 17:45:57.429470,0.005817550534198886,0.04880278503689065,0.17569002613280638,0.35138005226561275,0.41830958603049134
2025-04-15 18:05:06.060186,0.005817550534198886,0.04880278503689065,0.17569002613280638,0.35138005226561275,0.41830958603049134
2025-04-15 20:29:27.099616,0.005902628023938436,0.04951649064526132,0.11141210395183798,0.3875203615716104,0.4456484158073519
2025-04-15 21:05:04.699943,0.005903989878874494,0.0495279150950027,0.1485837452850081,0.37145936321252027,0.42452498652859455
2025-04-15 23:05:04.743908,0.005903989878874494,0.0495279150950027,0.1485837452850081,0.37145936321252027,0.42452498652859455
2025-04-16 06:05:04.818280,0.005903989878874494,0.0495279150950027,0.1485837452850081,0.37145936321252027,0.42452498652859455
2025-04-16 08:40:48.872992,0.005903989878874494,0.0495279150950027,0.1485837452850081,0.37145936321252027,0.42452498652859455
2025-04-16 09:05:05.833246,0.005903989878874494,0.0495279150950027,0.1485837452850081,0.37145936321252027,0.42452498652859455
2025-04-16 11:01:30.201630,0.005911975546772428,0.04959490597570204,0.16231060137502487,0.3570833230250547,0.42509919407744606
2025-04-16 12:05:06.698018,0.005911975546772428,0.04959490597570204,0.16231060137502487,0.3570833230250547,0.42509919407744606
2025-04-16 13:41:09.239728,0.005911975546772428,0.04959490597570204,0.16231060137502487,0.3570833230250547,0.42509919407744606
2025-04-16 13:45:06.158643,0.005911975546772428,0.04959490597570204,0.16231060137502487,0.3570833230250547,0.42509919407744606
2025-04-16 15:05:05.418414,0.005911975546772428,0.04959490597570204,0.16231060137502487,0.3570833230250547,0.42509919407744606
2025-04-16 16:26:54.966555,0.005911975546772428,0.04959490597570204,0.16231060137502487,0.3570833230250547,0.42509919407744606
2025-04-16 17:47:35.473277,0.005911975546772428,0.04959490597570204,0.16231060137502487,0.3570833230250547,0.42509919407744606
2025-04-16 18:05:05.031262,0.005911975546772428,0.04959490597570204,0.16231060137502487,0.3570833230250547,0.42509919407744606
2025-04-16 21:05:04.502828,0.005911975546772428,0.04959490597570204,0.16231060137502487,0.3570833230250547,0.42509919407744606
2025-04-16 23:05:05.535011,0.005911975546772428,0.04959490597570204,0.16231060137502487,0.3570833230250547,0.42509919407744606
2025-04-17 06:05:05.541317,0.005911975546772428,0.04959490597570204,0.16231060137502487,0.3570833230250547,0.42509919407744606
2025-04-17 07:56:24.786947,0.005911975546772428,0.04959490597570204,0.16231060137502487,0.3570833230250547,0.42509919407744606
2025-04-17 09:05:08.309341,0.005911975546772428,0.04959490597570204,0.16231060137502487,0.3570833230250547,0.42509919407744606
2025-04-17 10:17:35.114796,0.005911975546772428,0.04959490597570204,0.16231060137502487,0.3570833230250547,0.42509919407744606
2025-04-17 12:05:04.266203,0.005911975546772428,0.04959490597570204,0.16231060137502487,0.3570833230250547,0.42509919407744606
2025-04-17 12:30:34.981038,0.005911975546772428,0.04959490597570204,0.16231060137502487,0.3570833230250547,0.42509919407744606
2025-04-17 14:19:57.717831,0.005911975546772428,0.04959490597570204,0.16231060137502487,0.3570833230250547,0.42509919407744606
2025-04-17 15:05:05.277673,0.005911975546772428,0.04959490597570204,0.16231060137502487,0.3570833230250547,0.42509919407744606
2025-04-17 18:05:04.668226,0.005911975546772428,0.04959490597570204,0.16231060137502487,0.3570833230250547,0.42509919407744606
2025-04-17 20:31:56.938237,0.005911975546772428,0.04959490597570204,0.16231060137502487,0.3570833230250547,0.42509919407744606
2025-04-17 21:05:06.822389,0.005911975546772428,0.04959490597570204,0.16231060137502487,0.3570833230250547,0.42509919407744606
2025-04-17 23:05:05.822586,0.005911975546772428,0.04959490597570204,0.16231060137502487,0.3570833230250547,0.42509919407744606
2025-04-18 06:05:06.177253,0.005911975546772428,0.04959490597570204,0.16231060137502487,0.3570833230250547,0.42509919407744606
2025-04-18 09:05:05.185411,0.005911975546772428,0.04959490597570204,0.16231060137502487,0.3570833230250547,0.42509919407744606
2025-04-18 12:05:04.666112,0.005911975546772428,0.04959490597570204,0.16231060137502487,0.3570833230250547,0.42509919407744606
2025-04-18 14:07:12.411135,0.005911975546772428,0.04959490597570204,0.16231060137502487,0.3570833230250547,0.42509919407744606
2025-04-18 15:05:04.663098,0.005911975546772428,0.04959490597570204,0.16231060137502487,0.3570833230250547,0.42509919407744606
2025-04-18 18:05:04.135425,0.005911975546772428,0.04959490597570204,0.16231060137502487,0.3570833230250547,0.42509919407744606
2025-04-18 21:05:05.044127,0.005911975546772428,0.04959490597570204,0.16231060137502487,0.3570833230250547,0.42509919407744606
2025-04-18 23:05:03.990259,0.005911975546772428,0.04959490597570204,0.16231060137502487,0.3570833230250547,0.42509919407744606
2025-04-19 06:05:05.718135,0.005911975546772428,0.04959490597570204,0.16231060137502487,0.3570833230250547,0.42509919407744606
2025-04-19 09:05:05.452580,0.005911975546772428,0.04959490597570204,0.16231060137502487,0.3570833230250547,0.42509919407744606
2025-04-19 12:05:04.843767,0.005911975546772428,0.04959490597570204,0.16231060137502487,0.3570833230250547,0.42509919407744606
2025-04-19 15:05:09.193278,0.005911975546772428,0.04959490597570204,0.16231060137502487,0.3570833230250547,0.42509919407744606
2025-04-19 18:05:04.944299,0.005911975546772428,0.04959490597570204,0.16231060137502487,0.3570833230250547,0.42509919407744606
2025-04-19 21:05:05.439828,0.005911975546772428,0.04959490597570204,0.16231060137502487,0.3570833230250547,0.42509919407744606
2025-04-19 23:05:04.085776,0.005911975546772428,0.04959490597570204,0.16231060137502487,0.3570833230250547,0.42509919407744606
2025-04-20 06:05:12.012047,0.005911975546772428,0.04959490597570204,0.16231060137502487,0.3570833230250547,0.42509919407744606
2025-04-20 09:05:05.042648,0.005911975546772428,0.04959490597570204,0.16231060137502487,0.3570833230250547,0.42509919407744606
2025-04-20 11:41:10.607964,0.005911975546772428,0.04959490597570204,0.16231060137502487,0.3570833230250547,0.42509919407744606
2025-04-20 12:05:04.610115,0.005911975546772428,0.04959490597570204,0.16231060137502487,0.3570833230250547,0.42509919407744606
2025-04-20 15:05:04.891236,0.005911975546772428,0.04959490597570204,0.16231060137502487,0.3570833230250547,0.42509919407744606
2025-04-20 18:05:04.236829,0.005911975546772428,0.04959490597570204,0.16231060137502487,0.3570833230250547,0.42509919407744606
2025-04-20 21:05:05.939837,0.005911975546772428,0.04959490597570204,0.16231060137502487,0.3570833230250547,0.42509919407744606
2025-04-20 23:05:04.865366,0.005911975546772428,0.04959490597570204,0.16231060137502487,0.3570833230250547,0.42509919407744606
2025-04-21 06:05:05.603709,0.005911975546772428,0.04959490597570204,0.16231060137502487,0.3570833230250547,0.42509919407744606
2025-04-21 09:05:05.627467,0.005911975546772428,0.04959490597570204,0.16231060137502487,0.3570833230250547,0.42509919407744606
2025-04-21 12:05:05.127399,0.005911975546772428,0.04959490597570204,0.16231060137502487,0.3570833230250547,0.42509919407744606
2025-04-21 15:05:04.139730,0.005911975546772428,0.04959490597570204,0.16231060137502487,0.3570833230250547,0.42509919407744606
2025-04-21 16:29:16.715209,0.005911975546772428,0.04959490597570204,0.16231060137502487,0.3570833230250547,0.42509919407744606
2025-04-21 18:05:05.193298,0.005911975546772428,0.04959490597570204,0.16231060137502487,0.3570833230250547,0.42509919407744606
2025-04-21 21:05:05.088325,0.005911975546772428,0.04959490597570204,0.16231060137502487,0.3570833230250547,0.42509919407744606
2025-04-21 23:05:04.172066,0.005911975546772428,0.04959490597570204,0.16231060137502487,0.3570833230250547,0.42509919407744606
2025-04-22 06:05:03.946447,0.005911975546772428,0.04959490597570204,0.16231060137502487,0.3570833230250547,0.42509919407744606
2025-04-22 09:05:04.846526,0.005911975546772428,0.04959490597570204,0.16231060137502487,0.3570833230250547,0.42509919407744606
2025-04-22 12:05:05.357002,0.005911975546772428,0.04959490597570204,0.16231060137502487,0.3570833230250547,0.42509919407744606
2025-04-22 15:05:04.389298,0.005911975546772428,0.04959490597570204,0.16231060137502487,0.3570833230250547,0.42509919407744606
2025-04-22 18:05:05.278327,0.005911975546772428,0.04959490597570204,0.16231060137502487,0.3570833230250547,0.42509919407744606
2025-04-22 19:16:32.676790,0.005911975546772428,0.04959490597570204,0.16231060137502487,0.3570833230250547,0.42509919407744606
2025-04-22 21:05:04.961818,0.005911975546772428,0.04959490597570204,0.16231060137502487,0.3570833230250547,0.42509919407744606
2025-04-22 23:05:06.191937,0.005911975546772428,0.04959490597570204,0.16231060137502487,0.3570833230250547,0.42509919407744606
2025-04-23 06:05:05.260603,0.005911975546772428,0.04959490597570204,0.16231060137502487,0.3570833230250547,0.42509919407744606
2025-04-23 09:05:06.838016,0.005911975546772428,0.04959490597570204,0.16231060137502487,0.3570833230250547,0.42509919407744606
2025-04-23 12:05:04.998668,0.005911975546772428,0.04959490597570204,0.16231060137502487,0.3570833230250547,0.42509919407744606
2025-04-23 15:05:06.645618,0.005911975546772428,0.04959490597570204,0.16231060137502487,0.3570833230250547,0.42509919407744606
2025-04-23 18:05:04.546457,0.005911975546772428,0.04959490597570204,0.16231060137502487,0.3570833230250547,0.42509919407744606
2025-04-23 21:05:05.379166,0.005911975546772428,0.04959490597570204,0.16231060137502487,0.3570833230250547,0.42509919407744606
2025-04-23 23:05:05.862656,0.005911975546772428,0.04959490597570204,0.16231060137502487,0.3570833230250547,0.42509919407744606
2025-04-24 06:05:04.596215,0.005911975546772428,0.04959490597570204,0.16231060137502487,0.3570833230250547,0.42509919407744606
2025-04-24 07:56:38.627654,0.005911975546772428,0.04959490597570204,0.16231060137502487,0.3570833230250547,0.42509919407744606
2025-04-24 09:05:05.064610,0.005911975546772428,0.04959490597570204,0.16231060137502487,0.3570833230250547,0.42509919407744606
2025-04-24 12:05:04.516504,0.005911975546772428,0.04959490597570204,0.16231060137502487,0.3570833230250547,0.42509919407744606
2025-04-24 14:09:17.493076,0.005911975546772428,0.04959490597570204,0.16231060137502487,0.3570833230250547,0.42509919407744606
2025-04-24 15:05:04.947730,0.005911975546772428,0.04959490597570204,0.16231060137502487,0.3570833230250547,0.42509919407744606
2025-04-24 18:05:03.871020,0.005911975546772428,0.04959490597570204,0.16231060137502487,0.3570833230250547,0.42509919407744606
2025-04-24 19:21:51.426892,0.005911975546772428,0.04959490597570204,0.16231060137502487,0.3570833230250547,0.42509919407744606
2025-04-24 21:05:04.748311,0.005993036662163963,0.050274918665931013,0.15082475599779305,0.3619794143947033,0.4309278742794087
2025-04-24 23:05:05.094862,0.005993036662163963,0.050274918665931013,0.15082475599779305,0.3619794143947033,0.4309278742794087
2025-04-25 06:05:05.590959,0.005993036662163963,0.050274918665931013,0.15082475599779305,0.3619794143947033,0.4309278742794087
2025-04-25 09:05:05.257916,0.005993036662163963,0.050274918665931013,0.15082475599779305,0.3619794143947033,0.4309278742794087
2025-04-25 10:52:30.661800,0.005854921108156014,0.05200547572538577,0.14734884788859298,0.392930261036248,0.4018604942416173
2025-04-25 11:19:40.265426,0.005854921108156014,0.05200547572538577,0.14734884788859298,0.392930261036248,0.4018604942416173
2025-04-25 12:05:04.685193,0.005854921108156014,0.05200547572538577,0.14734884788859298,0.392930261036248,0.4018604942416173
2025-04-25 15:05:04.826918,0.005908521216962551,0.03431487322159021,0.1486977839602242,0.40553941080061146,0.40553941080061146
2025-04-25 18:05:04.091067,0.005908521216962551,0.03431487322159021,0.1486977839602242,0.40553941080061146,0.40553941080061146
2025-04-25 19:01:46.570470,0.005908521216962551,0.03431487322159021,0.1486977839602242,0.40553941080061146,0.40553941080061146
2025-04-25 21:05:04.377721,0.005908521216962551,0.03431487322159021,0.1486977839602242,0.40553941080061146,0.40553941080061146
2025-04-25 23:05:05.257997,0.005908521216962551,0.03431487322159021,0.1486977839602242,0.40553941080061146,0.40553941080061146
2025-04-26 06:05:04.811915,0.006036757278333108,0.03505962880878074,0.13022147843261417,0.414341067740136,0.414341067740136
2025-04-26 07:58:09.066590,0.006036757278333108,0.03505962880878074,0.13022147843261417,0.414341067740136,0.414341067740136
2025-04-26 09:05:06.568834,0.005919953476223098,0.03438126826575722,0.1277018535585268,0.4063240795044035,0.42567284519508936
2025-04-26 11:42:42.694819,0.005796581117390901,0.03366475956638562,0.145880624787671,0.3978562494209209,0.41680178510763144
2025-04-26 12:05:04.236407,0.005796581117390901,0.03366475956638562,0.145880624787671,0.3978562494209209,0.41680178510763144
2025-04-26 15:05:04.290696,0.005688803684177624,0.03303882139657005,0.14316822605180354,0.4090520744337244,0.4090520744337244
2025-04-26 17:27:09.066599,0.005688803684177624,0.03303882139657005,0.14316822605180354,0.4090520744337244,0.4090520744337244
2025-04-26 18:05:03.813158,0.005688803684177624,0.03303882139657005,0.14316822605180354,0.4090520744337244,0.4090520744337244
2025-04-26 21:05:05.273042,0.00575215178938275,0.033406727699876744,0.13362691079950698,0.41360710485561675,0.41360710485561675
2025-04-26 23:05:04.680003,0.00575215178938275,0.033406727699876744,0.13362691079950698,0.41360710485561675,0.41360710485561675
2025-04-27 06:05:03.978256,0.0056888036841776235,0.033038821396570044,0.12271562233011729,0.42950467815541055,0.4090520744337243
2025-04-27 08:00:28.159525,0.0056888036841776235,0.033038821396570044,0.12271562233011729,0.42950467815541055,0.4090520744337243
2025-04-27 09:05:05.162733,0.005635605466330869,0.03272986251599851,0.13091945006399405,0.42548821270798065,0.40522686924569584
2025-04-27 12:05:04.222059,0.006036594914867834,0.03505868585173243,0.1402347434069297,0.4340599200690681,0.3846100557574021
2025-04-27 12:52:46.853156,0.006036594914867834,0.03505868585173243,0.1402347434069297,0.4340599200690681,0.3846100557574021
2025-04-27 15:05:04.736362,0.006036594914867834,0.03505868585173243,0.1402347434069297,0.4340599200690681,0.3846100557574021
2025-04-27 16:36:07.522727,0.006036594914867834,0.03505868585173243,0.1402347434069297,0.4340599200690681,0.3846100557574021
2025-04-27 17:54:00.968715,0.006036594914867834,0.03505868585173243,0.1402347434069297,0.4340599200690681,0.3846100557574021
2025-04-27 18:05:04.360297,0.006036594914867834,0.03505868585173243,0.1402347434069297,0.4340599200690681,0.3846100557574021
2025-04-27 21:05:04.446962,0.006033573069970355,0.04555347667827618,0.13015279050936052,0.4338426350312017,0.38441752471119134
2025-04-27 23:05:05.543337,0.005817181839815965,0.04391972289061054,0.15970808323858376,0.43919722890610535,0.3513577831248843
2025-04-28 06:05:04.619813,0.005817181839815965,0.04391972289061054,0.15970808323858376,0.43919722890610535,0.3513577831248843
2025-04-28 09:05:04.828252,0.005817181839815965,0.04391972289061054,0.15970808323858376,0.43919722890610535,0.3513577831248843
2025-04-28 12:05:04.981549,0.005853910716457852,0.04419702590925678,0.16071645785184283,0.42092405627863594,0.3683085492438065
2025-04-28 14:31:46.332622,0.005853910716457852,0.04419702590925678,0.16071645785184283,0.42092405627863594,0.3683085492438065
2025-04-28 15:05:05.720625,0.005853910716457852,0.04419702590925678,0.16071645785184283,0.42092405627863594,0.3683085492438065
2025-04-28 18:05:04.743633,0.0057616470697827845,0.043500435376860026,0.1581834013704001,0.4142898607320002,0.3782646554509568
2025-04-28 21:05:05.853485,0.00601463561332576,0.04541049888060949,0.18164199552243795,0.40364887893875095,0.3632839910448759
2025-04-28 23:05:04.979898,0.00595995990572427,0.04499769728821824,0.17999078915287295,0.4090699753474385,0.3599815783057459
2025-04-29 06:05:03.985389,0.005897123804349855,0.04452328472284141,0.17809313889136563,0.39576253086970137,0.37572392171174174
2025-04-29 08:53:20.509718,0.005838611353379232,0.0440815157180132,0.14693838572671064,0.41982395921917326,0.3833175279827235
2025-04-29 09:05:05.342587,0.005838611353379232,0.0440815157180132,0.14693838572671064,0.41982395921917326,0.3833175279827235
2025-04-29 12:05:05.701777,0.0057616470697827845,0.043500435376860026,0.1581834013704001,0.4142898607320002,0.3782646554509568
2025-04-29 13:50:25.791252,0.005853910716457853,0.04419702590925679,0.16071645785184285,0.36830854924380657,0.42092405627863605
2025-04-29 15:05:06.281800,0.005853910716457853,0.04419702590925679,0.16071645785184285,0.36830854924380657,0.42092405627863605
2025-04-29 17:05:27.202073,0.005853910716457853,0.04419702590925679,0.16071645785184285,0.36830854924380657,0.42092405627863605
2025-04-29 18:05:04.497245,0.005933376656400984,0.04479699375582743,0.14932331251942477,0.3733082812985619,0.42663803576978504
2025-04-29 20:32:06.317195,0.005999031212350799,0.03938494404630307,0.1294076732949958,0.3938494404630308,0.43135891098331935
2025-04-29 21:05:05.276239,0.005999031212350799,0.03938494404630307,0.1294076732949958,0.3938494404630308,0.43135891098331935
2025-04-29 23:05:05.350275,0.005999031212350799,0.03938494404630307,0.1294076732949958,0.3938494404630308,0.43135891098331935
2025-04-30 06:05:04.104911,0.0059223909293003845,0.038881783927146,0.11923747070991442,0.3888178392714601,0.44714051516217906
2025-04-30 06:57:48.965577,0.005991194230428299,0.03933349255629014,0.12062271050595641,0.3817174383099886,0.45233516439733656
2025-04-30 07:01:41.900197,0.005991194230428299,0.03933349255629014,0.12062271050595641,0.3817174383099886,0.45233516439733656
2025-04-30 09:05:05.102722,0.005909785149334069,0.03879902424128019,0.11154719469368056,0.37653061499976553,0.4672133809159395
2025-04-30 12:05:05.200881,0.005921003787503333,0.0388726770396958,0.09411279704347403,0.37252982163041803,0.48856370049890885
2025-04-30 15:05:04.219800,0.0058786462453504626,0.03414136857876615,0.09343953505767577,0.42270265859424755,0.44383779152395997
2025-04-30 18:05:04.279880,0.0059388798282190855,0.034491186694657,0.10550245341895081,0.42703374002908656,0.42703374002908656
2025-04-30 19:45:13.385866,0.0059388798282190855,0.034491186694657,0.10550245341895081,0.42703374002908656,0.42703374002908656
2025-04-30 21:05:05.294208,0.0059388798282190855,0.034491186694657,0.10550245341895081,0.42703374002908656,0.42703374002908656
2025-04-30 23:05:05.271760,0.005893523890236029,0.038692265540245234,0.12713172963223432,0.42377243210744775,0.40451004882983654
2025-05-01 06:05:04.377130,0.005552501695338813,0.03645338069548525,0.11977539371373726,0.4389674115163146,0.39925131237912415
2025-05-01 07:29:27.330212,0.005921003787503333,0.0388726770396958,0.09411279704347403,0.48856370049890885,0.37252982163041803
2025-05-01 09:05:04.150303,0.005921003787503333,0.0388726770396958,0.09411279704347403,0.48856370049890885,0.37252982163041803
2025-05-01 10:16:52.562902,0.005937731872253612,0.038982500552621535,0.11207468908878693,0.46942278152371486,0.37358229696262313
2025-05-01 10:27:13.081625,0.005873180077629612,0.03855870398791615,0.09335265176021805,0.49269455095670645,0.36952091321752983
2025-05-01 12:05:05.327185,0.0059489091380547955,0.0390558817324467,0.08166229816784311,0.4990473776923745,0.3742855332692809
