tstamp,France,Brazil,Spain,England,Argentina
2024-04-25 10:01:21.937949,0.13320867499490321,0.12296185384144913,0.07992520499694193,0.09990650624617742,0.07992520499694193
2024-04-25 10:01:43.998802,0.13320867499490321,0.12296185384144913,0.07992520499694193,0.09990650624617742,0.07992520499694193
2024-04-25 18:05:15.635377,0.13320867499490321,0.12296185384144913,0.07992520499694193,0.09990650624617742,0.07992520499694193
2024-04-25 18:49:43.183881,0.13320867499490321,0.12296185384144913,0.07992520499694193,0.09990650624617742,0.07992520499694193
2024-04-26 09:55:47.881860,0.13320867499490321,0.12296185384144913,0.07992520499694193,0.09990650624617742,0.07992520499694193
2024-04-26 18:05:07.276511,0.13320867499490321,0.12296185384144913,0.07992520499694193,0.09990650624617742,0.07992520499694193
2024-04-27 18:05:06.941267,0.13320867499490321,0.12296185384144913,0.07992520499694193,0.09990650624617742,0.07992520499694193
2024-04-28 18:05:06.832722,0.13320867499490321,0.12296185384144913,0.07992520499694193,0.09990650624617742,0.07992520499694193
2024-04-29 12:56:53.472839,0.13320867499490321,0.12296185384144913,0.07992520499694193,0.09990650624617742,0.07992520499694193
2024-04-29 18:05:06.824638,0.13320867499490321,0.12296185384144913,0.07992520499694193,0.09990650624617742,0.07992520499694193
2024-04-30 18:05:07.201362,0.13320867499490321,0.12296185384144913,0.07992520499694193,0.09990650624617742,0.07992520499694193
2024-05-01 18:05:09.154820,0.13320867499490321,0.12296185384144913,0.07992520499694193,0.09990650624617742,0.07992520499694193
2024-05-02 18:05:07.971320,0.13320867499490321,0.12296185384144913,0.07992520499694193,0.09990650624617742,0.07992520499694193
2024-05-03 18:05:07.364540,0.13320867499490321,0.12296185384144913,0.07992520499694193,0.09990650624617742,0.07992520499694193
2024-05-04 18:05:07.218696,0.13320867499490321,0.12296185384144913,0.07992520499694193,0.09990650624617742,0.07992520499694193
2024-05-05 11:05:07.381154,0.13320867499490321,0.12296185384144913,0.07992520499694193,0.09990650624617742,0.07992520499694193
2024-05-05 11:05:49.450297,0.13320867499490321,0.12296185384144913,0.07992520499694193,0.09990650624617742,0.07992520499694193
2024-05-05 18:05:13.261077,0.13320867499490321,0.12296185384144913,0.07992520499694193,0.09990650624617742,0.07992520499694193
2024-05-06 18:05:07.970410,0.13320867499490321,0.12296185384144913,0.07992520499694193,0.09990650624617742,0.07992520499694193
2024-05-07 18:05:08.106967,0.13320867499490321,0.12296185384144913,0.07992520499694193,0.09990650624617742,0.07992520499694193
2024-05-08 18:05:11.572834,0.13320867499490321,0.12296185384144913,0.07992520499694193,0.09990650624617742,0.07992520499694193
2024-05-09 18:05:13.507521,0.13320867499490321,0.12296185384144913,0.07992520499694193,0.09990650624617742,0.07992520499694193
2024-05-10 18:05:08.351277,0.13320867499490321,0.12296185384144913,0.07992520499694193,0.09990650624617742,0.07992520499694193
2024-05-11 18:05:07.439114,0.13320867499490321,0.12296185384144913,0.07992520499694193,0.09990650624617742,0.07992520499694193
2024-05-12 18:05:07.029025,0.13320867499490321,0.12296185384144913,0.07992520499694193,0.09990650624617742,0.07992520499694193
2024-05-13 05:41:49.521844,0.13320867499490321,0.12296185384144913,0.07992520499694193,0.09990650624617742,0.07992520499694193
2024-05-13 18:05:07.948382,0.13320867499490321,0.12296185384144913,0.07992520499694193,0.09990650624617742,0.07992520499694193
2024-05-14 18:05:07.594433,0.13320867499490321,0.12296185384144913,0.07992520499694193,0.09990650624617742,0.07992520499694193
2024-05-15 18:05:07.051945,0.13320867499490321,0.12296185384144913,0.07992520499694193,0.09990650624617742,0.07992520499694193
2024-05-16 18:05:07.707413,0.13320867499490321,0.12296185384144913,0.07992520499694193,0.09990650624617742,0.07992520499694193
2024-05-17 18:05:09.779711,0.13320867499490321,0.12296185384144913,0.07992520499694193,0.09990650624617742,0.07992520499694193
2024-05-18 18:05:09.916501,0.13320867499490321,0.12296185384144913,0.07992520499694193,0.09990650624617742,0.07992520499694193
2024-05-19 18:05:07.040803,0.13320867499490321,0.12296185384144913,0.07992520499694193,0.09990650624617742,0.07992520499694193
2024-05-20 18:28:33.677345,0.13320867499490321,0.12296185384144913,0.07992520499694193,0.09990650624617742,0.07992520499694193
2024-05-21 18:05:11.213913,0.13320867499490321,0.12296185384144913,0.07992520499694193,0.09990650624617742,0.07992520499694193
2024-05-22 18:05:08.738544,0.13320867499490321,0.12296185384144913,0.07992520499694193,0.09990650624617742,0.07992520499694193
2024-05-23 18:05:07.291499,0.13320867499490321,0.12296185384144913,0.07992520499694193,0.09990650624617742,0.07992520499694193
2024-05-24 18:05:07.728451,0.13320867499490321,0.12296185384144913,0.07992520499694193,0.09990650624617742,0.07992520499694193
2024-05-25 18:05:07.519208,0.13320867499490321,0.12296185384144913,0.07992520499694193,0.09990650624617742,0.07992520499694193
2024-05-26 18:05:06.690846,0.13320867499490321,0.12296185384144913,0.07992520499694193,0.09990650624617742,0.07992520499694193
2024-05-27 18:05:07.523960,0.13320867499490321,0.12296185384144913,0.07992520499694193,0.09990650624617742,0.07992520499694193
2024-05-28 18:05:06.215139,0.13320867499490321,0.12296185384144913,0.07992520499694193,0.09990650624617742,0.07992520499694193
2024-05-29 18:05:07.735169,0.13320867499490321,0.12296185384144913,0.07992520499694193,0.09990650624617742,0.07992520499694193
2024-05-30 18:05:07.409841,0.13320867499490321,0.12296185384144913,0.07992520499694193,0.09990650624617742,0.07992520499694193
2024-05-31 18:05:07.119476,0.13320867499490321,0.12296185384144913,0.07992520499694193,0.09990650624617742,0.07992520499694193
2024-06-12 18:05:06.488448,0.13320867499490321,0.12296185384144913,0.07992520499694193,0.09990650624617742,0.07992520499694193
2024-06-13 18:05:18.131632,0.13320867499490321,0.12296185384144913,0.07992520499694193,0.09990650624617742,0.07992520499694193
2024-06-14 18:05:06.562252,0.13320867499490321,0.12296185384144913,0.07992520499694193,0.09990650624617742,0.07992520499694193
2024-06-15 18:05:06.985807,0.13320867499490321,0.12296185384144913,0.07992520499694193,0.09990650624617742,0.07992520499694193
2024-06-16 18:05:06.448659,0.13320867499490321,0.12296185384144913,0.07992520499694193,0.09990650624617742,0.07992520499694193
2024-06-17 18:05:06.689139,0.13320867499490321,0.12296185384144913,0.07992520499694193,0.09990650624617742,0.07992520499694193
2024-06-18 18:05:07.093112,0.13320867499490321,0.12296185384144913,0.07992520499694193,0.09990650624617742,0.07992520499694193
2024-06-19 18:05:06.316463,0.13320867499490321,0.12296185384144913,0.07992520499694193,0.09990650624617742,0.07992520499694193
2024-06-20 18:05:07.411253,0.13320867499490321,0.12296185384144913,0.07992520499694193,0.09990650624617742,0.07992520499694193
2024-06-21 18:05:06.625441,0.13320867499490321,0.12296185384144913,0.07992520499694193,0.09990650624617742,0.07992520499694193
2024-06-22 18:05:08.382144,0.13320867499490321,0.12296185384144913,0.07992520499694193,0.09990650624617742,0.07992520499694193
2024-06-23 18:05:06.466081,0.13320867499490321,0.12296185384144913,0.07992520499694193,0.09990650624617742,0.07992520499694193
2024-06-24 18:05:07.075111,0.13320867499490321,0.12296185384144913,0.07992520499694193,0.09990650624617742,0.07992520499694193
2024-06-25 18:05:07.603390,0.13320867499490321,0.12296185384144913,0.07992520499694193,0.09990650624617742,0.07992520499694193
2024-06-26 18:05:06.562580,0.13320867499490321,0.12296185384144913,0.07992520499694193,0.09990650624617742,0.07992520499694193
2024-06-27 18:05:07.318323,0.13320867499490321,0.12296185384144913,0.07992520499694193,0.09990650624617742,0.07992520499694193
2024-06-28 18:05:07.823160,0.13320867499490321,0.12296185384144913,0.07992520499694193,0.09990650624617742,0.07992520499694193
2024-06-29 18:05:06.564010,0.13320867499490321,0.12296185384144913,0.07992520499694193,0.09990650624617742,0.07992520499694193
2024-06-30 18:05:06.563169,0.13320867499490321,0.12296185384144913,0.07992520499694193,0.09990650624617742,0.07992520499694193
2024-07-01 18:05:07.552213,0.13320867499490321,0.12296185384144913,0.07992520499694193,0.09990650624617742,0.07992520499694193
2024-07-02 18:05:07.665525,0.13320867499490321,0.12296185384144913,0.07992520499694193,0.09990650624617742,0.07992520499694193
2024-07-03 18:05:06.839756,0.13320867499490321,0.12296185384144913,0.07992520499694193,0.09990650624617742,0.07992520499694193
2024-07-04 18:05:09.652158,0.13320867499490321,0.12296185384144913,0.07992520499694193,0.09990650624617742,0.07992520499694193
2024-07-05 18:05:07.170604,0.13320867499490321,0.12296185384144913,0.07992520499694193,0.09990650624617742,0.07992520499694193
2024-07-06 18:05:19.325083,0.13320867499490321,0.12296185384144913,0.07992520499694193,0.09990650624617742,0.07992520499694193
2024-07-07 18:05:07.092467,0.13320867499490321,0.12296185384144913,0.07992520499694193,0.09990650624617742,0.07992520499694193
2024-07-08 08:54:20.954483,0.13255146636451676,0.12235519972109242,0.07953087981871007,0.09941359977338758,0.07953087981871007
2024-07-08 18:05:06.575712,0.13255146636451676,0.12235519972109242,0.07953087981871007,0.09941359977338758,0.07953087981871007
2024-07-09 18:05:06.889461,0.13152936437088192,0.12141172095773715,0.07891761862252915,0.09864702327816144,0.07891761862252915
2024-07-10 08:26:47.765219,0.13152936437088192,0.12141172095773715,0.07891761862252915,0.09864702327816144,0.07891761862252915
2024-07-10 18:05:07.993786,0.13152936437088192,0.12141172095773715,0.07891761862252915,0.09864702327816144,0.07891761862252915
2024-07-11 18:05:06.798016,0.13152936437088192,0.12141172095773715,0.07891761862252915,0.09864702327816144,0.07891761862252915
2024-07-12 18:05:09.105333,0.13152936437088192,0.12141172095773715,0.07891761862252915,0.09864702327816144,0.07891761862252915
2024-07-13 18:05:06.143038,0.13152936437088192,0.12141172095773715,0.07891761862252915,0.09864702327816144,0.07891761862252915
2024-07-14 10:32:58.425499,0.13152936437088192,0.12141172095773715,0.07891761862252915,0.09864702327816144,0.07891761862252915
2024-07-14 12:47:50.195219,0.13152936437088192,0.12141172095773715,0.07891761862252915,0.09864702327816144,0.07891761862252915
2024-07-14 18:05:06.375595,0.13152936437088192,0.12141172095773715,0.07891761862252915,0.09864702327816144,0.07891761862252915
2024-07-15 18:05:07.700067,0.12080105143957898,0.12080105143957898,0.12080105143957898,0.10469424458096843,0.07852068343572634
2024-07-16 18:05:06.451219,0.12080105143957898,0.12080105143957898,0.12080105143957898,0.10469424458096843,0.07852068343572634
2024-07-17 18:05:07.135395,0.12080105143957898,0.12080105143957898,0.12080105143957898,0.10469424458096843,0.07852068343572634
2024-07-18 18:05:07.437176,0.12080105143957898,0.12080105143957898,0.12080105143957898,0.10469424458096843,0.07852068343572634
2024-07-20 18:05:07.247195,0.12080105143957898,0.12080105143957898,0.12080105143957898,0.10469424458096843,0.07852068343572634
2024-07-21 18:05:05.616801,0.12080105143957898,0.12080105143957898,0.12080105143957898,0.10469424458096843,0.07852068343572634
2024-07-22 08:23:26.267174,0.12080105143957898,0.12080105143957898,0.12080105143957898,0.10469424458096843,0.07852068343572634
2024-07-22 09:29:04.153498,0.12080105143957898,0.12080105143957898,0.12080105143957898,0.10469424458096843,0.07852068343572634
2024-07-22 18:05:07.062068,0.12080105143957898,0.12080105143957898,0.12080105143957898,0.10469424458096843,0.07852068343572634
2024-07-23 18:05:06.687828,0.12080105143957898,0.12080105143957898,0.12080105143957898,0.10469424458096843,0.07852068343572634
2024-07-24 18:05:06.318760,0.12080105143957898,0.12080105143957898,0.12080105143957898,0.10469424458096843,0.07852068343572634
2024-07-25 09:51:31.378316,0.12080105143957898,0.12080105143957898,0.12080105143957898,0.10469424458096843,0.07852068343572634
2024-07-25 18:05:06.205872,0.12080105143957898,0.12080105143957898,0.12080105143957898,0.10469424458096843,0.07852068343572634
2024-07-26 18:05:07.067919,0.12080105143957898,0.12080105143957898,0.12080105143957898,0.10469424458096843,0.07852068343572634
2024-07-27 18:05:06.623421,0.12080105143957898,0.12080105143957898,0.12080105143957898,0.10469424458096843,0.07852068343572634
2024-07-28 18:05:07.205727,0.12080105143957898,0.12080105143957898,0.12080105143957898,0.10469424458096843,0.07852068343572634
2024-07-29 18:05:14.972940,0.12080105143957898,0.12080105143957898,0.12080105143957898,0.10469424458096843,0.07852068343572634
2024-07-30 09:55:01.528393,0.12080105143957898,0.12080105143957898,0.12080105143957898,0.10469424458096843,0.07852068343572634
2024-07-30 18:05:08.613512,0.12080105143957898,0.12080105143957898,0.12080105143957898,0.10469424458096843,0.07852068343572634
2024-07-31 18:05:06.881080,0.12080105143957898,0.12080105143957898,0.12080105143957898,0.10469424458096843,0.07852068343572634
2024-08-01 08:14:02.180276,0.12080105143957898,0.12080105143957898,0.12080105143957898,0.10469424458096843,0.07852068343572634
2024-08-01 18:05:07.924240,0.12080105143957898,0.12080105143957898,0.12080105143957898,0.10469424458096843,0.07852068343572634
2024-08-02 18:05:07.082891,0.12080105143957898,0.12080105143957898,0.12080105143957898,0.10469424458096843,0.07852068343572634
2024-08-03 18:05:07.013729,0.12080105143957898,0.12080105143957898,0.12080105143957898,0.10469424458096843,0.07852068343572634
2024-08-04 18:05:09.156286,0.12080105143957898,0.12080105143957898,0.12080105143957898,0.10469424458096843,0.07852068343572634
2024-08-05 18:05:05.924071,0.12080105143957898,0.12080105143957898,0.12080105143957898,0.10469424458096843,0.07852068343572634
2024-08-06 14:25:27.982249,0.12080105143957898,0.12080105143957898,0.12080105143957898,0.10469424458096843,0.07852068343572634
2024-08-06 18:05:05.898644,0.12080105143957898,0.12080105143957898,0.12080105143957898,0.10469424458096843,0.07852068343572634
2024-08-07 18:05:07.552217,0.12080105143957898,0.12080105143957898,0.12080105143957898,0.10469424458096843,0.07852068343572634
2024-08-08 18:05:07.550852,0.12080105143957898,0.12080105143957898,0.12080105143957898,0.10469424458096843,0.07852068343572634
2024-08-09 10:31:39.445127,0.12080105143957898,0.12080105143957898,0.12080105143957898,0.10469424458096843,0.07852068343572634
2024-08-09 17:14:55.113821,0.12080105143957898,0.12080105143957898,0.12080105143957898,0.10469424458096843,0.07852068343572634
2024-08-09 18:05:07.197317,0.12080105143957898,0.12080105143957898,0.12080105143957898,0.10469424458096843,0.07852068343572634
2024-08-10 07:54:32.256818,0.12080105143957898,0.12080105143957898,0.12080105143957898,0.10469424458096843,0.07852068343572634
2024-08-10 18:05:06.458344,0.12080105143957898,0.12080105143957898,0.12080105143957898,0.10469424458096843,0.07852068343572634
2024-08-11 16:01:19.761743,0.12080105143957898,0.12080105143957898,0.12080105143957898,0.10469424458096843,0.07852068343572634
2024-08-11 18:05:07.705818,0.12080105143957898,0.12080105143957898,0.12080105143957898,0.10469424458096843,0.07852068343572634
2024-08-11 20:18:32.736386,0.12080105143957898,0.12080105143957898,0.12080105143957898,0.10469424458096843,0.07852068343572634
2024-08-12 18:05:08.433970,0.12080105143957898,0.12080105143957898,0.12080105143957898,0.10469424458096843,0.07852068343572634
2024-08-13 18:05:06.924540,0.12080105143957898,0.12080105143957898,0.12080105143957898,0.10469424458096843,0.07852068343572634
2024-08-14 08:48:28.492548,0.12080105143957898,0.12080105143957898,0.12080105143957898,0.10469424458096843,0.07852068343572634
2024-08-14 16:16:39.694098,0.12080105143957898,0.12080105143957898,0.12080105143957898,0.10469424458096843,0.07852068343572634
2024-08-14 18:05:07.206193,0.12080105143957898,0.12080105143957898,0.12080105143957898,0.10469424458096843,0.07852068343572634
2024-08-15 18:05:07.459521,0.12080105143957898,0.12080105143957898,0.12080105143957898,0.10469424458096843,0.07852068343572634
2024-08-16 08:59:15.827788,0.12080105143957898,0.12080105143957898,0.12080105143957898,0.10469424458096843,0.07852068343572634
2024-08-16 18:05:08.086501,0.12080105143957898,0.12080105143957898,0.12080105143957898,0.10469424458096843,0.07852068343572634
2024-08-17 07:14:27.820440,0.12080105143957898,0.12080105143957898,0.12080105143957898,0.10469424458096843,0.07852068343572634
2024-08-17 18:05:07.656207,0.12080105143957898,0.12080105143957898,0.12080105143957898,0.10469424458096843,0.07852068343572634
2024-08-18 18:05:08.739214,0.12080105143957898,0.12080105143957898,0.12080105143957898,0.10469424458096843,0.07852068343572634
2024-08-19 18:05:08.112115,0.12080105143957898,0.12080105143957898,0.12080105143957898,0.10469424458096843,0.07852068343572634
2024-08-20 09:55:12.531396,0.12080105143957898,0.12080105143957898,0.12080105143957898,0.10469424458096843,0.07852068343572634
2024-08-20 18:05:06.766601,0.12080105143957898,0.12080105143957898,0.12080105143957898,0.10469424458096843,0.07852068343572634
2024-08-21 18:05:09.511581,0.12080105143957898,0.12080105143957898,0.12080105143957898,0.10469424458096843,0.07852068343572634
2024-08-22 10:01:02.726840,0.12080105143957898,0.12080105143957898,0.12080105143957898,0.10469424458096843,0.07852068343572634
2024-08-22 14:23:01.806733,0.12080105143957898,0.12080105143957898,0.12080105143957898,0.10469424458096843,0.07852068343572634
2024-08-22 14:23:17.221608,0.12080105143957898,0.12080105143957898,0.12080105143957898,0.10469424458096843,0.07852068343572634
2024-08-23 06:05:07.406003,0.12080105143957898,0.12080105143957898,0.12080105143957898,0.10469424458096843,0.07852068343572634
2024-08-24 06:05:08.224897,0.12080105143957898,0.12080105143957898,0.12080105143957898,0.10469424458096843,0.07852068343572634
2024-08-25 06:05:07.714985,0.12080105143957898,0.12080105143957898,0.12080105143957898,0.10469424458096843,0.07852068343572634
2024-08-26 06:05:07.159596,0.12080105143957898,0.12080105143957898,0.12080105143957898,0.10469424458096843,0.07852068343572634
2024-08-27 06:05:06.123937,0.12080105143957898,0.12080105143957898,0.12080105143957898,0.10469424458096843,0.07852068343572634
2024-08-28 06:05:07.043859,0.12080105143957898,0.12080105143957898,0.12080105143957898,0.10469424458096843,0.07852068343572634
2024-09-11 17:10:43.312013,0.12080105143957898,0.12080105143957898,0.12080105143957898,0.10469424458096843,0.07852068343572634
2024-09-11 19:03:07.412463,0.12080105143957898,0.12080105143957898,0.12080105143957898,0.10469424458096843,0.07852068343572634
2024-09-12 06:05:06.917511,0.12080105143957898,0.12080105143957898,0.12080105143957898,0.10469424458096843,0.07852068343572634
2024-09-12 16:46:28.726472,0.12080105143957898,0.12080105143957898,0.12080105143957898,0.10469424458096843,0.07852068343572634
2024-09-13 06:05:14.932532,0.12080105143957898,0.12080105143957898,0.12080105143957898,0.10469424458096843,0.07852068343572634
2024-09-14 06:05:07.430360,0.12080105143957898,0.12080105143957898,0.12080105143957898,0.10469424458096843,0.07852068343572634
2024-09-15 06:05:06.269034,0.12080105143957898,0.12080105143957898,0.12080105143957898,0.10469424458096843,0.07852068343572634
2024-09-16 06:05:06.756115,0.12080105143957898,0.12080105143957898,0.12080105143957898,0.10469424458096843,0.07852068343572634
2024-09-17 06:05:08.032761,0.12080105143957898,0.12080105143957898,0.12080105143957898,0.10469424458096843,0.07852068343572634
2024-09-18 06:05:06.735044,0.12080105143957898,0.12080105143957898,0.12080105143957898,0.10469424458096843,0.07852068343572634
2024-09-19 06:05:09.067916,0.12080105143957898,0.12080105143957898,0.12080105143957898,0.10469424458096843,0.07852068343572634
2024-09-19 14:30:26.655130,0.12080105143957898,0.12080105143957898,0.12080105143957898,0.10469424458096843,0.07852068343572634
2024-09-19 14:31:32.513517,0.12080105143957898,0.12080105143957898,0.12080105143957898,0.10469424458096843,0.07852068343572634
2024-10-17 07:05:07.263561,0.12080105143957898,0.12080105143957898,0.12080105143957898,0.10469424458096843,0.07852068343572634
2024-10-18 07:05:21.361843,0.12080105143957898,0.12080105143957898,0.12080105143957898,0.10469424458096843,0.07852068343572634
2024-10-19 07:05:06.922789,0.12080105143957898,0.12080105143957898,0.12080105143957898,0.10469424458096843,0.07852068343572634
2024-10-20 07:05:06.665896,0.12080105143957898,0.12080105143957898,0.12080105143957898,0.10469424458096843,0.07852068343572634
2024-10-21 07:05:06.847928,0.12080105143957898,0.12080105143957898,0.12080105143957898,0.10469424458096843,0.07852068343572634
2024-10-22 07:05:06.939765,0.12080105143957898,0.12080105143957898,0.12080105143957898,0.10469424458096843,0.07852068343572634
2024-10-23 07:05:08.263184,0.12080105143957898,0.12080105143957898,0.12080105143957898,0.10469424458096843,0.07852068343572634
2024-10-24 07:05:05.644952,0.12080105143957898,0.12080105143957898,0.12080105143957898,0.10469424458096843,0.07852068343572634
2024-10-25 07:05:07.058634,0.12080105143957898,0.12080105143957898,0.12080105143957898,0.10469424458096843,0.07852068343572634
2024-10-26 07:05:07.538542,0.12080105143957898,0.12080105143957898,0.12080105143957898,0.10469424458096843,0.07852068343572634
2024-10-27 07:05:08.599560,0.12080105143957898,0.12080105143957898,0.12080105143957898,0.10469424458096843,0.07852068343572634
2024-10-28 07:05:09.564421,0.12080105143957898,0.12080105143957898,0.12080105143957898,0.10469424458096843,0.07852068343572634
2024-10-29 07:05:12.446166,0.12080105143957898,0.12080105143957898,0.12080105143957898,0.10469424458096843,0.07852068343572634
2024-10-30 07:05:07.138553,0.12080105143957898,0.12080105143957898,0.12080105143957898,0.10469424458096843,0.07852068343572634
2024-10-31 07:05:06.299696,0.12080105143957898,0.12080105143957898,0.12080105143957898,0.10469424458096843,0.07852068343572634
2024-11-01 07:05:08.384831,0.12080105143957898,0.12080105143957898,0.12080105143957898,0.10469424458096843,0.07852068343572634
2024-11-02 07:05:05.771243,0.12080105143957898,0.12080105143957898,0.12080105143957898,0.10469424458096843,0.07852068343572634
2024-11-03 07:05:07.571758,0.12080105143957898,0.12080105143957898,0.12080105143957898,0.10469424458096843,0.07852068343572634
2024-11-04 07:05:09.825586,0.12080105143957898,0.12080105143957898,0.12080105143957898,0.10469424458096843,0.07852068343572634
2024-11-21 07:05:05.942831,0.12080105143957898,0.12080105143957898,0.12080105143957898,0.10469424458096843,0.07852068343572634
2024-11-22 07:05:06.214110,0.12080105143957898,0.12080105143957898,0.12080105143957898,0.10469424458096843,0.07852068343572634
2024-11-23 07:05:07.156076,0.12058756348191192,0.12058756348191192,0.12058756348191192,0.10450922168432367,0.07838191626324276
2024-11-24 07:05:05.677743,0.12058756348191192,0.12058756348191192,0.12058756348191192,0.10450922168432367,0.07838191626324276
2024-11-25 07:05:20.018800,0.12058756348191192,0.12058756348191192,0.12058756348191192,0.10450922168432367,0.07838191626324276
2024-11-26 07:05:07.516944,0.12058756348191192,0.12058756348191192,0.12058756348191192,0.10450922168432367,0.07838191626324276
2024-11-27 07:05:06.549853,0.12058756348191192,0.12058756348191192,0.12058756348191192,0.10450922168432367,0.07838191626324276
2024-11-28 07:05:06.260367,0.12058756348191192,0.12058756348191192,0.12058756348191192,0.10450922168432367,0.07838191626324276
2024-11-29 07:05:06.845664,0.12058756348191192,0.12058756348191192,0.12058756348191192,0.10450922168432367,0.07838191626324276
2024-11-30 07:05:06.068180,0.12058756348191192,0.12058756348191192,0.12058756348191192,0.10450922168432367,0.07838191626324276
2024-12-01 07:05:17.936457,0.12058756348191192,0.12058756348191192,0.12058756348191192,0.10450922168432367,0.07838191626324276
2024-12-02 07:05:06.925322,0.12058756348191192,0.12058756348191192,0.12058756348191192,0.10450922168432367,0.07838191626324276
2024-12-03 07:05:06.274558,0.12058756348191192,0.12058756348191192,0.12058756348191192,0.10450922168432367,0.07838191626324276
2024-12-04 07:05:08.597054,0.12058756348191192,0.12058756348191192,0.12058756348191192,0.10450922168432367,0.07838191626324276
2024-12-05 07:05:07.650616,0.12058756348191192,0.12058756348191192,0.12058756348191192,0.10450922168432367,0.07838191626324276
2024-12-05 09:23:57.159353,0.12058756348191192,0.12058756348191192,0.12058756348191192,0.10450922168432367,0.07838191626324276
2024-12-06 07:05:05.698506,0.12058756348191192,0.12058756348191192,0.12058756348191192,0.10450922168432367,0.07838191626324276
2024-12-07 07:05:07.055351,0.12058756348191192,0.12058756348191192,0.12058756348191192,0.10450922168432367,0.07838191626324276
2024-12-08 07:05:05.885588,0.12058756348191192,0.12058756348191192,0.12058756348191192,0.10450922168432367,0.07838191626324276
2024-12-09 07:05:06.174696,0.12058756348191192,0.12058756348191192,0.12058756348191192,0.10450922168432367,0.07838191626324276
2024-12-10 07:05:05.873890,0.12058756348191192,0.12058756348191192,0.12058756348191192,0.10450922168432367,0.07838191626324276
2024-12-11 07:05:18.966224,0.12058756348191192,0.12058756348191192,0.12058756348191192,0.10450922168432367,0.07838191626324276
2024-12-12 07:05:07.222381,0.12058756348191192,0.12058756348191192,0.12058756348191192,0.10450922168432367,0.07838191626324276
2024-12-13 07:05:05.596040,0.12058756348191192,0.12058756348191192,0.12058756348191192,0.10450922168432367,0.07838191626324276
2024-12-14 07:05:06.755536,0.12058756348191192,0.12058756348191192,0.12058756348191192,0.10450922168432367,0.07838191626324276
2024-12-15 07:05:06.340513,0.12058756348191192,0.12058756348191192,0.12058756348191192,0.10450922168432367,0.07838191626324276
2024-12-16 07:05:06.104227,0.12058756348191192,0.12058756348191192,0.12058756348191192,0.10450922168432367,0.07838191626324276
2024-12-17 07:05:14.979477,0.12058756348191192,0.12058756348191192,0.12058756348191192,0.10450922168432367,0.07838191626324276
2024-12-17 16:26:29.348427,0.12058756348191192,0.12058756348191192,0.12058756348191192,0.10450922168432367,0.07838191626324276
2024-12-18 07:05:06.954289,0.12058756348191192,0.12058756348191192,0.12058756348191192,0.10450922168432367,0.07838191626324276
2024-12-19 07:05:08.253978,0.12058756348191192,0.12058756348191192,0.12058756348191192,0.10450922168432367,0.07838191626324276
2024-12-20 07:05:07.327978,0.12058756348191192,0.12058756348191192,0.12058756348191192,0.10450922168432367,0.07838191626324276
2024-12-21 07:05:06.608774,0.12058756348191192,0.12058756348191192,0.12058756348191192,0.10450922168432367,0.07838191626324276
2024-12-22 07:05:06.573850,0.12058756348191192,0.12058756348191192,0.12058756348191192,0.10450922168432367,0.07838191626324276
2024-12-23 07:05:07.143568,0.12058756348191192,0.12058756348191192,0.12058756348191192,0.10450922168432367,0.07838191626324276
2024-12-24 07:05:07.149807,0.12058756348191192,0.12058756348191192,0.12058756348191192,0.10450922168432367,0.07838191626324276
2024-12-25 07:05:07.092491,0.12058756348191192,0.12058756348191192,0.12058756348191192,0.10450922168432367,0.07838191626324276
2024-12-26 07:05:06.547591,0.12058756348191192,0.12058756348191192,0.12058756348191192,0.10450922168432367,0.07838191626324276
2024-12-27 07:05:06.831981,0.12058756348191192,0.12058756348191192,0.12058756348191192,0.10450922168432367,0.07838191626324276
2024-12-28 07:05:06.470197,0.12058756348191192,0.12058756348191192,0.12058756348191192,0.10450922168432367,0.07838191626324276
2024-12-29 07:05:06.348792,0.12058756348191192,0.12058756348191192,0.12058756348191192,0.10450922168432367,0.07838191626324276
2024-12-30 07:05:11.813576,0.12058756348191192,0.12058756348191192,0.12058756348191192,0.10450922168432367,0.07838191626324276
2024-12-31 07:05:07.788773,0.12058756348191192,0.12058756348191192,0.12058756348191192,0.10450922168432367,0.07838191626324276
2025-01-01 07:05:13.673143,0.12058756348191192,0.12058756348191192,0.12058756348191192,0.10450922168432367,0.07838191626324276
2025-01-02 07:05:07.480097,0.12058756348191192,0.12058756348191192,0.12058756348191192,0.10450922168432367,0.07838191626324276
2025-01-03 07:12:19.007824,0.12058756348191192,0.12058756348191192,0.12058756348191192,0.10450922168432367,0.07838191626324276
2025-01-04 07:05:06.121110,0.12058756348191192,0.12058756348191192,0.12058756348191192,0.10450922168432367,0.07838191626324276
2025-01-05 07:05:14.050655,0.12058756348191192,0.12058756348191192,0.12058756348191192,0.10450922168432367,0.07838191626324276
2025-01-06 07:05:07.154487,0.12058756348191192,0.12058756348191192,0.12058756348191192,0.10450922168432367,0.07838191626324276
2025-01-06 08:39:04.277299,0.12058756348191192,0.12058756348191192,0.12058756348191192,0.10450922168432367,0.07838191626324276
2025-01-07 07:05:05.576717,0.12058756348191192,0.12058756348191192,0.12058756348191192,0.10450922168432367,0.07838191626324276
2025-01-08 07:05:20.722676,0.12058756348191192,0.12058756348191192,0.12058756348191192,0.10450922168432367,0.07838191626324276
2025-01-09 07:05:06.608554,0.12058756348191192,0.12058756348191192,0.12058756348191192,0.10450922168432367,0.07838191626324276
2025-01-10 07:05:06.322062,0.12058756348191192,0.12058756348191192,0.12058756348191192,0.10450922168432367,0.07838191626324276
2025-01-11 07:05:06.645875,0.12058756348191192,0.12058756348191192,0.12058756348191192,0.10450922168432367,0.07838191626324276
2025-01-12 07:05:06.416790,0.12058756348191192,0.12058756348191192,0.12058756348191192,0.10450922168432367,0.07838191626324276
2025-01-13 07:05:06.414776,0.12058756348191192,0.12058756348191192,0.12058756348191192,0.10450922168432367,0.07838191626324276
2025-01-14 07:05:16.866446,0.12058756348191192,0.12058756348191192,0.12058756348191192,0.10450922168432367,0.07838191626324276
2025-01-15 07:05:07.560675,0.12058756348191192,0.12058756348191192,0.12058756348191192,0.10450922168432367,0.07838191626324276
2025-01-16 07:05:07.231306,0.12058756348191192,0.12058756348191192,0.12058756348191192,0.10450922168432367,0.07838191626324276
2025-01-17 07:05:06.536870,0.12058756348191192,0.12058756348191192,0.12058756348191192,0.10450922168432367,0.07838191626324276
2025-01-18 07:05:06.736859,0.12058756348191192,0.12058756348191192,0.12058756348191192,0.10450922168432367,0.07838191626324276
2025-01-19 07:05:07.021541,0.12058756348191192,0.12058756348191192,0.12058756348191192,0.10450922168432367,0.07838191626324276
2025-01-20 07:05:06.467189,0.12058756348191192,0.12058756348191192,0.12058756348191192,0.10450922168432367,0.07838191626324276
2025-01-21 07:05:06.421882,0.12058756348191192,0.12058756348191192,0.12058756348191192,0.10450922168432367,0.07838191626324276
2025-01-22 07:05:06.741997,0.12058756348191192,0.12058756348191192,0.12058756348191192,0.10450922168432367,0.07838191626324276
2025-01-23 07:05:07.371165,0.12058756348191192,0.12058756348191192,0.12058756348191192,0.10450922168432367,0.07838191626324276
2025-01-24 07:05:06.427687,0.12058756348191192,0.12058756348191192,0.12058756348191192,0.10450922168432367,0.07838191626324276
2025-01-25 07:05:12.852691,0.12058756348191192,0.12058756348191192,0.12058756348191192,0.10450922168432367,0.07838191626324276
2025-01-26 07:05:06.310559,0.12058756348191192,0.12058756348191192,0.12058756348191192,0.10450922168432367,0.07838191626324276
2025-01-27 07:05:06.107005,0.12058756348191192,0.12058756348191192,0.12058756348191192,0.10450922168432367,0.07838191626324276
2025-01-28 07:05:06.981032,0.12058756348191192,0.12058756348191192,0.12058756348191192,0.10450922168432367,0.07838191626324276
2025-01-29 07:05:05.619284,0.12058756348191192,0.12058756348191192,0.12058756348191192,0.10450922168432367,0.07838191626324276
2025-01-30 07:05:07.400886,0.12058756348191192,0.12058756348191192,0.12058756348191192,0.10450922168432367,0.07838191626324276
2025-01-31 07:05:06.842856,0.12058756348191192,0.12058756348191192,0.12058756348191192,0.10450922168432367,0.07838191626324276
2025-02-01 07:05:07.131825,0.12058756348191192,0.12058756348191192,0.12058756348191192,0.10450922168432367,0.07838191626324276
2025-02-02 07:05:06.034737,0.12058756348191192,0.12058756348191192,0.12058756348191192,0.10450922168432367,0.07838191626324276
2025-02-03 07:05:07.225894,0.12058756348191192,0.12058756348191192,0.12058756348191192,0.10450922168432367,0.07838191626324276
2025-02-04 07:05:06.241379,0.12058756348191192,0.12058756348191192,0.12058756348191192,0.10450922168432367,0.07838191626324276
2025-02-04 08:36:57.081150,0.12058756348191192,0.12058756348191192,0.12058756348191192,0.10450922168432367,0.07838191626324276
2025-02-05 07:05:06.565356,0.12058756348191192,0.12058756348191192,0.12058756348191192,0.10450922168432367,0.07838191626324276
2025-02-06 07:05:07.384241,0.12058756348191192,0.12058756348191192,0.12058756348191192,0.10450922168432367,0.07838191626324276
2025-02-07 07:05:06.261850,0.12058756348191192,0.12058756348191192,0.12058756348191192,0.10450922168432367,0.07838191626324276
2025-02-08 07:05:06.642702,0.12058756348191192,0.12058756348191192,0.12058756348191192,0.10450922168432367,0.07838191626324276
2025-02-09 07:05:06.684277,0.12058756348191192,0.12058756348191192,0.12058756348191192,0.10450922168432367,0.07838191626324276
2025-02-10 07:05:06.006678,0.12058756348191192,0.12058756348191192,0.12058756348191192,0.10450922168432367,0.07838191626324276
2025-02-11 07:05:06.946352,0.12058756348191192,0.12058756348191192,0.12058756348191192,0.10450922168432367,0.07838191626324276
2025-02-12 07:05:06.990457,0.12058756348191192,0.12058756348191192,0.12058756348191192,0.10450922168432367,0.07838191626324276
2025-02-13 07:05:06.198310,0.12058756348191192,0.12058756348191192,0.12058756348191192,0.10450922168432367,0.07838191626324276
2025-02-14 07:05:07.311305,0.12058756348191192,0.12058756348191192,0.12058756348191192,0.10450922168432367,0.07838191626324276
2025-02-15 07:05:07.804356,0.12058756348191192,0.12058756348191192,0.12058756348191192,0.10450922168432367,0.07838191626324276
2025-02-16 07:05:05.968056,0.12058756348191192,0.12058756348191192,0.12058756348191192,0.10450922168432367,0.07838191626324276
2025-02-17 07:05:06.956249,0.12058756348191192,0.12058756348191192,0.12058756348191192,0.10450922168432367,0.07838191626324276
2025-02-18 07:05:06.218319,0.12058756348191192,0.12058756348191192,0.12058756348191192,0.10450922168432367,0.07838191626324276
2025-02-19 07:05:08.052076,0.12058756348191192,0.12058756348191192,0.12058756348191192,0.10450922168432367,0.07838191626324276
2025-02-20 07:05:06.456618,0.12058756348191192,0.12058756348191192,0.12058756348191192,0.10450922168432367,0.07838191626324276
2025-02-21 07:05:06.542746,0.12058756348191192,0.12058756348191192,0.12058756348191192,0.10450922168432367,0.07838191626324276
2025-02-22 07:05:08.781697,0.12058756348191192,0.12058756348191192,0.12058756348191192,0.10450922168432367,0.07838191626324276
2025-02-23 07:05:06.557079,0.12058756348191192,0.12058756348191192,0.12058756348191192,0.10450922168432367,0.07838191626324276
2025-02-23 14:30:43.078459,0.12058756348191192,0.12058756348191192,0.12058756348191192,0.10450922168432367,0.07838191626324276
2025-02-23 14:32:07.757516,0.12058756348191192,0.12058756348191192,0.12058756348191192,0.10450922168432367,0.07838191626324276
2025-02-24 07:05:09.587789,0.12058756348191192,0.12058756348191192,0.12058756348191192,0.10450922168432367,0.07838191626324276
2025-02-24 18:31:02.382717,0.12058756348191192,0.12058756348191192,0.12058756348191192,0.10450922168432367,0.07838191626324276
2025-02-24 18:38:06.289741,0.12058756348191192,0.12058756348191192,0.12058756348191192,0.10450922168432367,0.07838191626324276
2025-02-25 07:05:08.673983,0.12058756348191192,0.12058756348191192,0.12058756348191192,0.10450922168432367,0.07838191626324276
2025-02-26 07:05:07.235014,0.12058756348191192,0.12058756348191192,0.12058756348191192,0.10450922168432367,0.07838191626324276
2025-02-27 07:05:15.370275,0.12058756348191192,0.12058756348191192,0.12058756348191192,0.10450922168432367,0.07838191626324276
2025-03-26 20:05:06.784586,0.12058756348191192,0.12058756348191192,0.12058756348191192,0.10450922168432367,0.07838191626324276
2025-03-27 07:05:06.558690,0.12057602382403314,0.11196345069374504,0.12057602382403314,0.10449922064749538,0.0870826838729128
2025-03-27 19:47:27.249692,0.12057602382403314,0.11196345069374504,0.12057602382403314,0.10449922064749538,0.0870826838729128
2025-03-28 07:05:05.877217,0.12057602382403314,0.11196345069374504,0.12057602382403314,0.10449922064749538,0.0870826838729128
2025-03-28 08:24:23.311421,0.12057602382403314,0.11196345069374504,0.12057602382403314,0.10449922064749538,0.0870826838729128
2025-03-28 09:47:31.934470,0.12057602382403314,0.11196345069374504,0.12057602382403314,0.10449922064749538,0.0870826838729128
2025-03-28 10:10:50.531154,0.12057602382403314,0.11196345069374504,0.12057602382403314,0.10449922064749538,0.0870826838729128
2025-03-28 10:28:58.611349,0.12057602382403314,0.11196345069374504,0.12057602382403314,0.10449922064749538,0.0870826838729128
2025-03-28 12:00:54.806351,0.12057602382403314,0.11196345069374504,0.12057602382403314,0.10449922064749538,0.0870826838729128
2025-03-28 13:13:16.856485,0.12057602382403314,0.11196345069374504,0.12057602382403314,0.10449922064749538,0.0870826838729128
2025-03-28 13:55:27.701795,0.12057602382403314,0.11196345069374504,0.12057602382403314,0.10449922064749538,0.0870826838729128
2025-03-29 07:05:04.920703,0.12006386529230927,0.11148787491428716,0.12006386529230927,0.10405534992000136,0.08671279160000113
2025-03-29 11:09:04.158777,0.12006386529230927,0.11148787491428716,0.12006386529230927,0.10405534992000136,0.08671279160000113
2025-03-30 07:05:05.458192,0.12006386529230927,0.11148787491428716,0.12006386529230927,0.10405534992000136,0.08671279160000113
2025-03-30 20:09:44.952106,0.12006386529230927,0.11148787491428716,0.12006386529230927,0.10405534992000136,0.08671279160000113
2025-03-31 07:05:05.951954,0.12006386529230927,0.11148787491428716,0.12006386529230927,0.10405534992000136,0.08671279160000113
2025-04-01 07:05:05.783119,0.12006386529230927,0.11148787491428716,0.12006386529230927,0.10405534992000136,0.08671279160000113
2025-04-01 13:16:17.450316,0.12006386529230927,0.11148787491428716,0.12006386529230927,0.10405534992000136,0.08671279160000113
2025-04-01 15:55:22.946327,0.12006386529230927,0.11148787491428716,0.12006386529230927,0.10405534992000136,0.08671279160000113
2025-04-01 17:07:51.942986,0.12006386529230927,0.11148787491428716,0.12006386529230927,0.10405534992000136,0.08671279160000113
